bert_small--encoder--jigsaw,bert_small--encoder--jigsaw--symmetric-init,bert_small--encoder--wikipedia,bert_small--encoder--wikipedia--symmetric-init,bert_small--encoder--red_pajama,bert_small--encoder--red_pajama--symmetric-init,bert--encoder--jigsaw,bert--encoder--jigsaw--symmetric-init,bert--encoder--wikipedia,bert--encoder--wikipedia--symmetric-init,bert--encoder--red_pajama,bert--encoder--red_pajama--symmetric-init
9.6087,9.5959,8.7135,8.6901,8.7183,8.6934,8.1916,8.1939,5.5997,5.5907,5.6016,5.5998
7.4503,7.4346,4.2803,4.2829,4.2839,4.2824,6.3975,6.4031,2.8458,2.8469,2.8427,2.8422
6.7871,6.7834,2.9841,2.9842,2.9849,2.985,6.2107,6.2139,2.8174,2.816,2.8136,2.813
6.6544,6.6495,2.8992,2.8992,2.9032,2.9038,6.1051,6.1014,2.8027,2.7987,2.8043,2.8017
6.5771,6.5714,2.8691,2.871,2.8634,2.8641,6.0419,6.031,2.7887,2.7817,2.7888,2.7854
6.5027,6.4949,2.8511,2.8527,2.8459,2.8461,5.9641,5.9527,2.7786,2.7613,2.7779,2.7738
6.4388,6.4286,2.8407,2.8398,2.8371,2.8369,5.8948,5.8798,2.7642,2.677,2.7719,2.7659
6.3878,6.3778,2.8326,2.8297,2.829,2.8285,5.8382,5.8141,2.717,2.4695,2.7639,2.753
6.3392,6.3304,2.8245,2.8212,2.8257,2.8245,5.7874,5.7299,2.5993,2.3115,2.7578,2.7345
6.2888,6.2792,2.8208,2.8176,2.819,2.8164,5.7209,5.6082,2.4467,2.1921,2.7464,2.6852
6.2614,6.2503,2.8196,2.8158,2.8164,2.8129,5.6666,5.4996,2.3327,2.0654,2.7359,2.5708
6.2251,6.2103,2.8167,2.8116,2.8108,2.806,5.5838,5.3672,2.2154,1.9073,2.7191,2.3937
6.1918,6.1742,2.8149,2.8082,2.8074,2.8019,5.4864,5.2072,2.0736,1.7547,2.6986,2.2402
6.1737,6.1526,2.8111,2.8036,2.805,2.7991,5.3896,5.0108,1.959,1.6279,2.6521,2.0557
6.1409,6.1174,2.8075,2.7996,2.7997,2.7935,5.257,4.8045,1.854,1.5258,2.5415,1.8619
6.1172,6.0907,2.8036,2.7954,2.7955,2.7891,5.1471,4.6388,1.7266,1.4426,2.4305,1.6899
6.0941,6.0652,2.8022,2.7932,2.7945,2.7883,5.0244,4.4857,1.5934,1.3745,2.3434,1.5654
6.0839,6.0547,2.8005,2.7902,2.7913,2.7852,4.9323,4.3839,1.4935,1.3153,2.2667,1.4751
6.0564,6.0253,2.7973,2.7857,2.7894,2.7833,4.8232,4.2831,1.4166,1.2638,2.167,1.3973
6.0365,6.0018,2.7974,2.784,2.7869,2.7809,4.7034,4.1753,1.3586,1.2219,2.0371,1.3373
6.022,5.9843,2.7943,2.7792,2.7847,2.7782,4.5976,4.0998,1.3084,1.1824,1.8906,1.2832
6.0005,5.9574,2.7919,2.7748,2.7834,2.7768,4.4845,4.035,1.2646,1.1476,1.7535,1.2346
5.9895,5.942,2.7902,2.7689,2.7807,2.774,4.3775,3.9733,1.2258,1.115,1.6423,1.1924
5.9667,5.9087,2.7886,2.7616,2.7794,2.7729,4.2845,3.9181,1.1932,1.0881,1.5584,1.1508
5.9461,5.8739,2.7836,2.7432,2.7774,2.7706,4.1835,3.8606,1.1597,1.0604,1.4912,1.1161
5.9337,5.8457,2.7812,2.703,2.7757,2.7685,4.0978,3.8149,1.1301,1.0296,1.4332,1.0809
5.9204,5.8127,2.7774,2.6423,2.7732,2.766,4.026,3.7745,1.1041,1.0044,1.3843,1.0522
5.9002,5.7741,2.7749,2.5825,2.7722,2.7643,3.9593,3.7343,1.0821,0.9708,1.3387,1.0203
5.8823,5.7343,2.7708,2.5364,2.7713,2.7628,3.8894,3.6822,1.061,0.9477,1.2992,0.9951
5.8762,5.7043,2.7637,2.498,2.7685,2.7599,3.855,3.6628,1.0371,0.925,1.2643,0.9742
5.8543,5.6533,2.7575,2.4706,2.7677,2.7583,3.7929,3.6131,1.021,0.9107,1.2318,0.9539
5.8311,5.6023,2.7494,2.4494,2.7658,2.7555,3.7413,3.5712,1.001,0.8918,1.2004,0.9334
5.8227,5.5652,2.7432,2.429,2.7659,2.7549,3.7031,3.5412,0.9842,0.8771,1.1751,0.9189
5.8127,5.5274,2.735,2.4094,2.7627,2.7508,3.6747,3.5196,0.9684,0.8619,1.1476,0.9005
5.7783,5.4611,2.7231,2.3903,2.7596,2.7462,3.6096,3.4621,0.9518,0.8468,1.1255,0.8865
5.7837,5.4404,2.7117,2.3733,2.7583,2.7442,3.5992,3.456,0.9382,0.8336,1.105,0.8739
5.7671,5.4,2.6959,2.3542,2.7565,2.7411,3.5759,3.4351,0.9241,0.8221,1.0858,0.8605
5.7448,5.3579,2.6652,2.3332,2.7541,2.7384,3.5355,3.3962,0.9081,0.8098,1.0667,0.848
5.7172,5.3145,2.6385,2.3002,2.7549,2.7384,3.5011,3.3664,0.8959,0.8031,1.0502,0.8381
5.6872,5.2671,2.6157,2.2639,2.7508,2.7335,3.4671,3.3382,0.8822,0.79,1.0327,0.8262
5.6547,5.2265,2.5931,2.2345,2.75,2.7301,3.4383,3.3089,0.8715,0.7799,1.015,0.8144
5.6254,5.1878,2.577,2.2115,2.7468,2.7196,3.4174,3.2896,0.8627,0.772,1.0029,0.8065
5.5918,5.1361,2.5623,2.1902,2.7443,2.7036,3.3761,3.2502,0.852,0.7636,0.9853,0.794
5.5823,5.1133,2.5445,2.1695,2.7404,2.6787,3.3766,3.2534,0.84,0.7533,0.9714,0.7849
5.5369,5.0485,2.5286,2.1529,2.7403,2.6553,3.3313,3.2098,0.8315,0.7458,0.9604,0.7781
5.5056,5.0005,2.5089,2.1351,2.7362,2.6292,3.3101,3.1929,0.8225,0.7369,0.9468,0.7682
5.4837,4.9625,2.4939,2.1193,2.7359,2.6086,3.2952,3.1772,0.8139,0.7293,0.9391,0.7633
5.4526,4.9124,2.4768,2.1006,2.734,2.5874,3.2515,3.1419,0.8046,0.7206,0.9258,0.7542
5.4343,4.8787,2.4627,2.085,2.7303,2.5672,3.242,3.1337,0.7963,0.7133,0.9175,0.749
5.4097,4.8474,2.4497,2.0697,2.7279,2.5493,3.2381,3.133,0.7882,0.707,0.9031,0.7385
5.3722,4.7902,2.4352,2.0545,2.7249,2.5333,3.1877,3.0861,0.7804,0.6994,0.895,0.7325
5.3606,4.7649,2.4213,2.0415,2.7247,2.521,3.1927,3.0923,0.7753,0.6949,0.886,0.7267
5.3308,4.7201,2.4072,2.0272,2.7223,2.5075,3.1639,3.068,0.7675,0.6885,0.8748,0.7191
5.3056,4.6855,2.3931,2.0138,2.7198,2.4945,3.1391,3.0453,0.7602,0.6808,0.862,0.7136
5.2684,4.6353,2.3822,2.0006,2.7164,2.4819,3.1093,3.021,0.7536,0.6756,0.8511,0.7079
5.2629,4.6226,2.3672,1.985,2.7144,2.4696,3.123,3.0347,0.7465,0.6686,0.8428,0.7021
5.2179,4.5713,2.3554,1.9721,2.7132,2.4598,3.0741,2.989,0.7386,0.6607,0.8354,0.6978
5.2037,4.5482,2.3444,1.9599,2.707,2.447,3.0666,2.9866,0.736,0.6595,0.827,0.6904
5.1671,4.511,2.3342,1.948,2.7059,2.4388,3.0479,2.9684,0.7289,0.653,0.8208,0.6859
5.1472,4.4863,2.3246,1.9349,2.7027,2.4292,3.0209,2.9433,0.724,0.6482,0.8145,0.6815
5.101,4.45,2.3154,1.9233,2.6988,2.421,3.0005,2.9273,0.719,0.6437,0.8057,0.6748
5.0874,4.4397,2.304,1.9114,2.6803,2.4082,3.0091,2.9351,0.7142,0.6393,0.7991,0.6702
5.0571,4.4117,2.292,1.8957,2.6607,2.399,2.9792,2.9098,0.7071,0.6325,0.7931,0.6658
5.0273,4.3873,2.2825,1.8837,2.638,2.386,2.9677,2.9006,0.7025,0.6284,0.786,0.6606
4.9969,4.368,2.272,1.8731,2.6181,2.3695,2.9589,2.8898,0.7018,0.6285,0.7811,0.6576
4.9634,4.3363,2.254,1.859,2.598,2.3428,2.9319,2.8693,0.6912,0.6192,0.7741,0.6515
4.9306,4.3176,2.2331,1.8468,2.5799,2.3108,2.9195,2.8571,0.6901,0.6177,0.7684,0.6475
4.9045,4.2965,2.2142,1.8326,2.5659,2.2831,2.9064,2.8456,0.6835,0.6113,0.7651,0.6459
4.8752,4.2792,2.1988,1.8196,2.5492,2.2549,2.8936,2.8339,0.6802,0.6087,0.7577,0.639
4.8433,4.2562,2.1857,1.8046,2.5341,2.2307,2.8771,2.818,0.677,0.6055,0.7532,0.6365
4.8157,4.2415,2.1731,1.7897,2.5232,2.2122,2.878,2.8209,0.6733,0.602,0.7485,0.633
4.7888,4.2313,2.1594,1.7729,2.5116,2.1953,2.8717,2.8134,0.6677,0.5966,0.7435,0.63
4.7458,4.1972,2.1505,1.7586,2.4998,2.1789,2.838,2.7789,0.6636,0.5929,0.7388,0.6256
4.7313,4.2003,2.1386,1.7405,2.4877,2.1623,2.8421,2.7851,0.6584,0.5878,0.7327,0.6208
4.6748,4.1666,2.1302,1.7285,2.4776,2.1486,2.8244,2.7692,0.6559,0.5859,0.7283,0.6174
4.6516,4.1571,2.1215,1.7141,2.4688,2.1345,2.8128,2.7609,0.6526,0.5831,0.7239,0.6149
4.6018,4.1354,2.1119,1.701,2.4589,2.1207,2.8021,2.7501,0.6501,0.5809,0.7193,0.6107
4.576,4.1244,2.104,1.6867,2.4488,2.1061,2.7886,2.7368,0.647,0.5781,0.7103,0.6085
4.5267,4.0978,2.0945,1.6728,2.4405,2.0939,2.7642,2.7142,0.6401,0.5715,0.7044,0.6056
4.5083,4.0988,2.0857,1.6619,2.4318,2.0802,2.7803,2.7302,0.6393,0.5705,0.6983,0.6012
4.4907,4.0946,2.0777,1.6491,2.4215,2.0696,2.7808,2.7331,0.6344,0.5662,0.6952,0.5989
4.441,4.0661,2.0679,1.6364,2.4038,2.0537,2.747,2.6989,0.6325,0.5641,0.6905,0.5958
4.4184,4.053,2.0593,1.6266,2.3876,2.0411,2.7425,2.6942,0.6296,0.5617,0.6879,0.5939
4.3943,4.0455,2.0484,1.6128,2.3695,2.0272,2.7354,2.6893,0.6238,0.556,0.6821,0.5888
4.3775,4.0427,2.04,1.6029,2.3521,2.0153,2.7355,2.6898,0.6206,0.5535,0.6783,0.5869
4.3438,4.0207,2.0308,1.5933,2.3363,2.0032,2.7142,2.6683,0.6193,0.5525,0.6746000000000001,0.5841000000000001
4.3177,4.0046,2.0191,1.5807,2.3191,1.9909,2.7121,2.6687,0.6147,0.5483,0.67045,0.581
4.3096,4.0075,2.01,1.5724,2.3029,1.9785,2.7092,2.6663,0.6128,0.5465,0.6678,0.5788
4.2659,3.9739,1.998,1.5597,2.288,1.9671,2.6825,2.6397,0.6091,0.5423,0.6658,0.5779
4.2653,3.982,1.9893,1.5542,2.275,1.957,2.6952,2.6556,0.6075,0.5416,0.6601,0.5729
4.2359,3.9578,1.9797,1.5436,2.2593,1.944,2.6651,2.6261,0.6041,0.5385,0.6565,0.5706
4.2251,3.9552,1.9683,1.5329,2.2443,1.9336,2.666,2.6244,0.6023,0.5362,0.6527,0.5673
4.2096,3.9509,1.958,1.5242,2.2272,1.9225,2.6767,2.638,0.5994,0.5338,0.6495,0.5652
4.1769,3.9247,1.9502,1.5154,2.2108,1.9127,2.6503,2.6137,0.596,0.5303,0.6476,0.5642
4.1662,3.9181,1.9397,1.505,2.1962,1.9022,2.6391,2.6043,0.593,0.5282,0.6444,0.5611
4.1513,3.9095,1.9319,1.4974,2.1834,1.895,2.6354,2.5999,0.5918,0.5266,0.6417,0.5594
4.1386,3.9044,1.9227,1.4882,2.1695,1.883,2.6302,2.5929,0.59,0.5254,0.6395,0.5582
4.1165,3.886,1.9146,1.4792,2.1585,1.8742,2.6185,2.5837,0.5864,0.5219,0.6338,0.5531
4.1016,3.8774,1.905,1.4689,2.1466,1.8651,2.6136,2.5783,0.5836,0.5195,0.6324,0.5524
4.0805,3.8609,1.8976,1.4606,2.1356,1.8565,2.5964,2.563,0.5836,0.5186,0.6318,0.5523
4.0779,3.8626,1.8915,1.4526,2.1262,1.8473,2.5942,2.5591,0.5798,0.5154,0.625,0.5463
4.0758,3.8651,1.8826,1.4404,2.1156,1.8389,2.6058,2.5723,0.5768,0.513,0.6241,0.5462
4.0452,3.8397,1.8758,1.4334,2.1059,1.8302,2.5891,2.5566,0.5751,0.5115,0.62,0.5431
4.0372,3.8354,1.8685,1.424,2.0995,1.8241,2.5828,2.5536,0.5736,0.5096,0.618,0.5418
4.0156,3.8163,1.8612,1.4156,2.0887,1.814,2.5604,2.5287,0.57,0.5065,0.614,0.5382
4.0138,3.8165,1.8543,1.4086,2.0797,1.8059,2.5689,2.5399,0.5701,0.5063,0.613,0.5376
3.9931,3.7986,1.8477,1.3988,2.071,1.7974,2.5451,2.517,0.56455,0.5014,0.6101,0.5361
3.9929,3.8049,1.8412,1.3909,2.0641,1.7916,2.5587,2.5306,0.56385,0.5004,0.6091,0.5353
3.9923,3.8051,1.8345,1.3828,2.0555,1.7835,2.5589,2.5321,0.56105,0.4979,0.6058,0.5325
3.9657,3.7843,1.8266,1.3753,2.0465,1.7743,2.5347,2.5069,0.5594,0.4968,0.6022,0.5292
3.9615,3.7813,1.8199,1.3679,2.0406,1.769,2.5381,2.5103,0.5591,0.4964,0.6037,0.5315
3.9486,3.7749,1.8157,1.3617,2.0318,1.7591,2.5368,2.5088,0.5549,0.4927,0.5988,0.5268
3.9329,3.7587,1.8102,1.3558,2.0242,1.7506,2.5128,2.4866,0.5546,0.4922,0.5955,0.5241
3.9233,3.7495,1.8037,1.3487,2.0163,1.7431,2.5102,2.4835,0.5509,0.4891,0.5936,0.5228
3.9178,3.7505,1.7992,1.3443,2.0126,1.7375,2.5169,2.4923,0.5501,0.4884,0.5949,0.5238
3.909,3.7436,1.7932,1.3374,2.0048,1.7273,2.5105,2.4866,0.5481,0.4862,0.5899,0.5195
3.9084,3.7447,1.789,1.3327,1.9967,1.7189,2.5086,2.4853,0.5464,0.485,0.5875,0.5182
3.8944,3.7286,1.7828,1.3249,1.9888,1.7076,2.498,2.4753,0.5448,0.4834,0.5858,0.5172
3.874,3.7127,1.7783,1.3207,1.9827,1.698,2.4836,2.4607,0.5422,0.4813,0.5812,0.513
3.8631,3.704,1.7721,1.3137,1.9763,1.6892,2.4742,2.4559,0.5401,0.4795,0.5793,0.5121
3.862,3.7044,1.7658,1.3076,1.9719,1.681,2.476,2.4539,0.539,0.4791,0.5784,0.511
3.8521,3.6978,1.7616,1.3042,1.9624,1.6691,2.4743,2.4542,0.538,0.4776,0.5761,0.5094
3.8535,3.7006,1.7584,1.2993,1.9552,1.6595,2.4721,2.449,0.5351,0.4748,0.5717,0.506
3.8418,3.6918,1.7526,1.2931,1.9517,1.6536,2.4699,2.4471,0.5329,0.4726,0.5717,0.5063
3.8326,3.6834,1.7457,1.287,1.9433,1.6442,2.4574,2.4381,0.5305,0.4707,0.5696,0.504
3.8214,3.6744,1.7445,1.2861,1.9377,1.6374,2.4536,2.435,0.53,0.4703,0.5685,0.5036
3.8018,3.6574,1.7383,1.2786,1.9321,1.6319,2.4402,2.4221,0.5268,0.4668,0.5674,0.5032
3.7994,3.6572,1.7333,1.2737,1.9261,1.6231,2.4426,2.4252,0.5255,0.4662,0.5646,0.5001
3.789,3.6465,1.7289,1.2693,1.9241,1.6202,2.4293,2.41,0.5222,0.4635,0.5654,0.5013
3.7926,3.6531,1.726,1.2668,1.9165,1.6127,2.4318,2.4131,0.5239,0.4654,0.5616,0.4987
3.7873,3.6463,1.7198,1.2593,1.9096,1.6048,2.4362,2.4191,0.5186,0.4605,0.5596,0.4964
3.7734,3.634,1.7169,1.2564,1.9039,1.5986,2.4133,2.3947,0.519,0.4605,0.5569,0.4943
3.7658,3.6276,1.7134,1.2526,1.9007,1.5958,2.4176,2.4022,0.5176,0.4601,0.5579,0.496
3.7608,3.6275,1.7107,1.2511,1.8953,1.589,2.4159,2.3999,0.5183,0.4604,0.5558,0.4938
3.7551,3.6193,1.7041,1.2431,1.8906,1.5849,2.404,2.3877,0.5136,0.4553,0.5535,0.4916
3.7419,3.6078,1.7005,1.2406,1.8842,1.5784,2.4029,2.3869,0.5134,0.4554,0.5517,0.4903
3.7381,3.6069,1.6975,1.2365,1.8788,1.5728,2.4011,2.3868,0.5112,0.4535,0.55,0.4892
3.7366,3.6085,1.6941,1.2333,1.8741,1.5675,2.3989,2.3834,0.5103,0.453,0.5491,0.4887
3.7198,3.5924,1.6904,1.23,1.8679,1.563,2.392,2.3767,0.5091,0.4522,0.5462,0.486
3.7195,3.5918,1.6862,1.2248,1.8664,1.5604,2.3897,2.3761,0.5064,0.4495,0.5464,0.487
3.7065,3.5824,1.6819,1.2226,1.858,1.5511,2.3776,2.3637,0.5057,0.4486,0.5410999999999999,0.4822
3.7028,3.5758,1.6785,1.2192,1.8535,1.5477,2.3736,2.3621,0.5049,0.4487,0.5401,0.4812
3.6927,3.5679,1.674,1.2138,1.8486,1.5428,2.3778,2.3632,0.5023,0.4457,0.54085,0.4824
3.6965,3.5732,1.6733,1.2124,1.8425,1.5373,2.371,2.3577,0.5027,0.446,0.5382,0.4808
3.6823,3.5577,1.6689,1.2081,1.8365,1.5312,2.3612,2.3469,0.5001,0.444,0.5346,0.4765
3.662,3.5419,1.6669,1.2068,1.8321,1.5278,2.349,2.3366,0.5016,0.4455,0.5339,0.47605
3.6904,3.5711,1.662,1.2008,1.8258,1.5207,2.3687,2.3564,0.497,0.4419,0.5327,0.47555
3.6624,3.5444,1.6592,1.1974,1.8216,1.5159,2.3493,2.3371,0.4952,0.4395,0.5317,0.4748
3.6639,3.5455,1.6548,1.1932,1.8163,1.5113,2.3503,2.339,0.4951,0.4393,0.5292,0.4719
3.655,3.5401,1.6531,1.1912,1.8127,1.5079,2.3427,2.3323,0.4949,0.4397,0.5291,0.472
3.6574,3.5401,1.6493,1.1832,1.8077,1.5029,2.3415,2.3302,0.4924,0.4379,0.5292,0.4727
3.6327,3.5175,1.6458,1.1801,1.8005,1.4961,2.3318,2.321,0.49,0.4356,0.526,0.4695
3.6302,3.517,1.6453,1.1785,1.7982,1.494,2.3309,2.3208,0.4904,0.4364,0.5239,0.4682
3.6382,3.5236,1.6387,1.1742,1.7926,1.4886,2.3331,2.322,0.486,0.4314,0.5238,0.4676
3.6251,3.5152,1.6377,1.1722,1.7875,1.4844,2.3244,2.3153,0.4864,0.4319,0.5246,0.4686
3.6169,3.5056,1.634,1.1687,1.7835,1.4789,2.3221,2.3098,0.4851,0.431,0.5213,0.4665
3.6025,3.4925,1.6315,1.1665,1.7805,1.4778,2.2996,2.2903,0.4851,0.431,0.5202,0.4657
3.613,3.5025,1.6296,1.1674,1.7716,1.468,2.3163,2.307,0.4847,0.431,0.5185,0.464
3.6146,3.5053,1.6251,1.1601,1.7669,1.4649,2.3221,2.3114,0.4821,0.429,0.5171,0.4632
3.6043,3.4942,1.6237,1.159,1.7625,1.46,2.3061,2.2981,0.48,0.4269,0.516,0.4618
3.5961,3.4882,1.619,1.1533,1.7565,1.4535,2.2975,2.2896,0.4781,0.4251,0.5119,0.4582
3.5873,3.4814,1.6163,1.1524,1.7519,1.4493,2.3008,2.2908,0.4792,0.4257,0.51,0.4563
3.585,3.4808,1.614,1.1504,1.7496,1.4466,2.2981,2.2891,0.4764,0.4242,0.5121,0.4586
3.5825,3.4766,1.6077,1.1454,1.7446,1.441,2.2873,2.279,0.4743,0.4223,0.5084,0.4555
3.5738,3.4692,1.6065,1.1434,1.7407,1.4383,2.2924,2.2839,0.4743,0.4224,0.5078,0.4552
3.5711,3.4658,1.605,1.1416,1.7357,1.4329,2.2869,2.2789,0.4727,0.4213,0.5068,0.4542
3.5694,3.4631,1.6023,1.1407,1.7307,1.4299,2.2804,2.2728,0.4737,0.4219,0.5059,0.4537
3.5542,3.449,1.5989,1.1369,1.7255,1.4241,2.2737,2.2654,0.4705,0.4193,0.5038,0.4515
3.5656,3.4646,1.5969,1.1351,1.7216,1.4196,2.2805,2.2737,0.4692,0.4182,0.5032,0.4512
3.5519,3.4494,1.5958,1.1345,1.7201,1.4178,2.2691,2.2624,0.4693,0.4179,0.5027,0.4515
3.5509,3.4521,1.5895,1.1288,1.7156,1.4127,2.2727,2.266,0.4671,0.4161,0.5016,0.4496
3.5452,3.4437,1.59,1.1298,1.7115,1.409,2.266,2.259,0.4666,0.4159,0.4999,0.448
3.537,3.4361,1.5861,1.1261,1.7079,1.4046,2.256,2.2481,0.4676,0.4171,0.4991,0.4475
3.5312,3.4298,1.5813,1.1219,1.702,1.4004,2.2501,2.2451,0.4636,0.4132,0.4955,0.4449
3.5205,3.4216,1.5784,1.1203,1.7,1.3976,2.2542,2.2459,0.4636,0.4137,0.499,0.4475
3.5433,3.4414,1.5782,1.119,1.6948,1.3927,2.2613,2.2549,0.463,0.413,0.4954,0.444
3.5279,3.4298,1.5736,1.116,1.6922,1.39,2.2558,2.2491,0.4616,0.4113,0.4946,0.4443
3.5252,3.4268,1.5701,1.1138,1.6869,1.3842,2.2512,2.2442,0.4604,0.4105,0.493,0.4431
3.5201,3.4235,1.5681,1.1118,1.6816,1.3795,2.2459,2.2398,0.4575,0.4081,0.4905,0.4407
3.4972,3.4006,1.5659,1.1105,1.6825,1.3794,2.2321,2.2275,0.4569,0.4076,0.491,0.4416
3.4997,3.4051,1.5645,1.1098,1.6767,1.3732,2.2329,2.2272,0.4579,0.4087,0.4897,0.4402
3.4901,3.3969,1.5599,1.1048,1.6736,1.3702,2.2204,2.2149,0.4555,0.4068,0.4893,0.4402
3.4925,3.3976,1.557,1.1029,1.6705,1.3674,2.2307,2.2258,0.4535,0.4049,0.488,0.4387
3.4928,3.4008,1.5553,1.1009,1.6696,1.366,2.2311,2.2277,0.4554,0.4067,0.4876,0.4383
3.4897,3.3941,1.552,1.0989,1.6621,1.3606,2.2199,2.2153,0.4524,0.4047,0.4879,0.4389
3.4686,3.3765,1.5497,1.0967,1.6603,1.3585,2.2149,2.2102,0.4512,0.4029,0.48585,0.4375
3.4755,3.382,1.5486,1.0975,1.6562,1.3538,2.2195,2.2153,0.4519,0.4042,0.48335,0.434
3.4744,3.3844,1.5438,1.0928,1.654,1.3514,2.2142,2.2107,0.4499,0.4022,0.4841999999999999,0.4349
3.4813,3.3887,1.5439,1.0926,1.6477,1.3459,2.2209,2.2178,0.4492,0.4019,0.4813,0.4328
3.4618,3.3725,1.5392,1.0886,1.6467,1.3444,2.2067,2.2006,0.4471,0.3994,0.4832,0.4346
3.4753,3.3853,1.5382,1.0896,1.6438,1.341,2.2137,2.2085,0.4476,0.4002,0.4799,0.4322
3.4621,3.375,1.5328,1.0846,1.6403,1.3391,2.2035,2.2017,0.4445,0.3982,0.4812,0.4327
3.445,3.3549,1.5317,1.084,1.6368,1.3345,2.1923,2.1871,0.4455,0.3986,0.4791,0.4311
3.4437,3.3526,1.5297,1.0832,1.6347,1.3344,2.1891,2.1841,0.4427,0.3963,0.4794,0.4319
3.454,3.3652,1.5273,1.0813,1.6321,1.3309,2.1993,2.1965,0.4426,0.3959,0.4787,0.4313
3.4463,3.358,1.5221,1.0764,1.6294,1.3285,2.1972,2.1934,0.4414,0.3949,0.477,0.4291
3.4397,3.3508,1.5206,1.0771,1.623,1.3221,2.1856,2.1818,0.4409,0.3945,0.4754,0.4285
3.4448,3.3557,1.5207,1.0768,1.6206,1.3188,2.1879,2.1839,0.4416,0.3956,0.4734,0.4262
3.4362,3.3499,1.5177,1.0742,1.6208,1.3189,2.1874,2.1842,0.441,0.3952,0.4749,0.4275
3.4233,3.3342,1.5136,1.071,1.6141,1.3136,2.1695,2.1659,0.4374,0.3913,0.4731,0.4264
3.4188,3.3323,1.5111,1.0709,1.6129,1.3124,2.1694,2.1673,0.4374,0.3922,0.4713,0.4254
3.4311,3.3473,1.5103,1.0702,1.6106,1.3094,2.1821,2.1814,0.4366,0.3918,0.4705,0.4237
3.4192,3.3334,1.5076,1.0671,1.6059,1.3051,2.168,2.1633,0.4356,0.3906,0.4692,0.4229
3.4094,3.324,1.5042,1.0661,1.603,1.3035,2.1553,2.1531,0.4351,0.39,0.4686,0.4222
3.4195,3.334,1.503,1.0659,1.6002,1.2989,2.173,2.1707,0.4332,0.3885,0.4669,0.4213
3.4022,3.3176,1.4977,1.0611,1.5962,1.2970000000000002,2.1638,2.1617,0.4332,0.3879,0.466,0.4213
3.404,3.3213,1.4989,1.0637,1.5939,1.2946,2.1536,2.1516,0.4329,0.3882,0.4649,0.4215
3.3949,3.3146,1.4945,1.0596,1.5935,1.294,2.1508,2.1489,0.4321,0.3875,0.4669,0.4212
3.4114,3.3268,1.4908,1.0585,1.5877,1.2884,2.1613,2.1602,0.4308,0.3868,0.4635,0.4197
3.3917,3.3101,1.4881,1.0558,1.5872,1.2881,2.1456,2.1443,0.4312,0.387,0.4646,0.4172
3.3948,3.3103,1.4863,1.0555,1.5855,1.285,2.1472,2.1449,0.43015,0.3865,0.46305,0.4172
3.3898,3.3079,1.485,1.0544,1.5819,1.2818,2.149,2.147,0.4283,0.3846,0.46235,0.4172
3.3848,3.3043,1.4814,1.0528,1.5795,1.2809,2.1417,2.1405,0.4276,0.383,0.4615,0.4161
3.3811,3.3019,1.4769,1.0501,1.5754,1.2773,2.1405,2.1395,0.42565,0.3831,0.4607,0.4151
3.3836,3.3015,1.4774,1.0523,1.574,1.2761,2.1438,2.1427,0.4285,0.3847,0.4598,0.4159
3.3832,3.3021,1.4722,1.0468,1.5745,1.2763,2.1393,2.138,0.4256,0.38205,0.459,0.4151
3.3741,3.2932,1.4703,1.0475,1.571,1.2715,2.1333,2.134,0.4244,0.3813499999999999,0.4601,0.4141
3.3709,3.2916,1.4658,1.0446,1.569,1.271,2.1359,2.1334,0.4232,0.38065,0.4579,0.4139
3.3686,3.2896,1.4648,1.0432,1.5639,1.2648,2.128,2.1262,0.4228,0.3803499999999999,0.4568,0.4118
3.3559,3.276,1.4609,1.0417,1.5635,1.2631,2.1191,2.119,0.4209,0.3786,0.4572,0.4125
3.3621,3.283,1.4571,1.0395,1.5597,1.2626,2.1233,2.1222,0.4206,0.3779,0.4554,0.4115
3.3701,3.2911,1.4564,1.0399,1.5583,1.259,2.131,2.1299,0.4209,0.3788,0.4549,0.4109
3.3508,3.2712,1.4528,1.0374,1.5537,1.2548,2.115,2.1135,0.4195,0.3778,0.453,0.4107
3.3606,3.2819,1.4497,1.0375,1.5545,1.2569,2.1253,2.1266,0.4187,0.3765,0.4536,0.4076
3.3515,3.2736,1.4483,1.0363,1.5505,1.2507,2.1178,2.1168,0.4182,0.3766,0.4512,0.4083
3.3535,3.2752,1.4437,1.034,1.547,1.2503,2.1145,2.1122,0.417,0.375,0.4519,0.4079
3.3389,3.2615,1.4414,1.0325,1.5437,1.2445,2.105,2.1027,0.4174,0.3759,0.4513,0.4076
3.3528,3.2748,1.4395,1.0314,1.5436,1.2454,2.1145,2.0992,0.4163,0.3748,0.4494,0.4062
3.3433,3.2669,1.4349,1.0282,1.5399,1.2431,2.1023,2.1034,0.4152,0.3741,0.4471,0.4064
3.3299,3.2562,1.4327,1.0281,1.5384,1.2417,2.1035,2.1068,0.415,0.3735,0.4473,0.4057
3.3362,3.2591,1.4315,1.0275,1.5362,1.2386,2.1029,2.094,0.4139,0.3732,0.4482,0.4055
3.3216,3.2457,1.4281,1.025,1.5339,1.2366,2.0856,2.0976,0.4108,0.3703,0.4474,0.4043
3.3304,3.2544,1.4278,1.027,1.5335,1.2314,2.1017,2.1009,0.4113,0.371,0.4472,0.4055
3.3254,3.2499,1.4225,1.0231,1.5307,1.2267,2.0923,2.0857,0.4117,0.3706,0.4457,0.4036
3.3308,3.2556,1.423,1.0234,1.5268,1.2236,2.0948,2.0907,0.4117,0.3715,0.4449,0.4026
3.3146,3.2394,1.421,1.0232,1.5241,1.2208,2.0868,2.0849,0.4102,0.37,0.4436,0.401
3.315,3.2406,1.4192,1.0219,1.5202,1.2177,2.0893,2.0867,0.4109,0.3708,0.4438,0.402
3.303,3.2297,1.4157,1.0201,1.5198,1.2176,2.0762,2.0821,0.409,0.3693,0.4423,0.4005
3.3149,3.2387,1.412,1.0179,1.5183,1.2165,2.0803,2.092,0.4076,0.3674,0.4419,0.399
3.3164,3.2424,1.4077,1.0145,1.514,1.212,2.0894,2.0882,0.4062,0.3667,0.4421,0.4
3.3121,3.2377,1.4069,1.0161,1.5137,1.2113,2.07505,2.0758,0.4068,0.3669,0.4409,0.3992
3.2963,3.2216,1.4039,1.0137,1.5119,1.2103,2.0637,2.0615,0.4058,0.3665,0.4407,0.3996
3.3118,3.2388,1.402,1.0142,1.5088,1.2076,2.0809499999999996,2.0749,0.4056,0.3665,0.4393,0.3991
3.291,3.2166,1.4014,1.0129,1.5063,1.2043,2.0624,2.0648,0.4057,0.3668,0.4374,0.3977
3.2989,3.224,1.398,1.0109,1.5052,1.2022,2.0691,2.0753,0.4037,0.3646,0.4379,0.3976
3.294,3.2218,1.3947,1.0081,1.5033,1.2023,2.0671,2.0685,0.4022,0.3631,0.438,0.3958
3.3054,3.2356,1.3962,1.011,1.5003,1.1994,2.0742,2.0755,0.404,0.3652,0.4377,0.3972
3.2833,3.2111,1.3894,1.0054,1.5005,1.1991,2.0594,2.0645,0.4001,0.3616,0.4359,0.3945
3.2903,3.2173,1.389,1.007,1.4986,1.1969,2.0543,2.0579,0.4011,0.3628,0.4375,0.3946
3.2743,3.2044,1.3895,1.0072,1.4956,1.1944,2.059,2.0547,0.4016,0.3633,0.4351,0.394
3.279,3.2095,1.3853,1.0046,1.4937,1.1927,2.052,2.0498,0.4002,0.3619,0.4343,0.3937
3.2751,3.2058,1.384,1.0038,1.4919,1.1908,2.0535,2.0576,0.3996,0.3623,0.4354,0.3942
3.2834,3.2125,1.3817,1.0027,1.488,1.1883,2.0486,2.0497,0.3999,0.3617,0.4328,0.3932
3.2677,3.1965,1.3794,1.0015,1.4881,1.1872,2.0504,2.0519,0.3988,0.3609,0.4325,0.3942
3.2675,3.1943,1.3778,1.0018,1.4865,1.1866,2.0538,2.0542,0.3973,0.3598,0.4315,0.3906
3.2686,3.1968,1.3744,0.9986,1.4847,1.1838,2.0388,2.0391,0.3969,0.3596,0.4315,0.3908
3.2571,3.1862,1.3764,1.0019,1.4805,1.18,2.0322,2.0407,0.396,0.3589,0.433,0.3911
3.2484,3.1799,1.3698,0.9966,1.4795,1.1803,2.0316,2.043,0.3947,0.3576,0.4299,0.3904
3.2762,3.2066,1.3678,0.9946,1.4805,1.1798,2.0448,2.0437,0.3941,0.3571,0.4307,0.3919
3.2656,3.1955,1.3664,0.9939,1.4779,1.1786,2.036,2.0419,0.3928,0.3564,0.4287,0.39
3.261,3.1928,1.3661,0.9942,1.4737,1.1743,2.0389,2.033,0.3936,0.3573,0.4294,0.3889
3.2522,3.185,1.3633,0.9928,1.4706,1.1717,2.0297,2.0317,0.3937,0.3573,0.4278,0.3881
3.2535,3.1856,1.3621,0.9933,1.4712,1.1714,2.0314,2.0394,0.394,0.3569,0.4266,0.3879
3.2524,3.1834,1.3589,0.9897,1.4703,1.1704,2.0286,2.0303,0.3917,0.3553,0.4284,0.3883
3.2475,3.1805,1.3605,0.9926,1.4662,1.1652,2.0187,2.0298,0.3926,0.3563,0.428,0.3878
3.2444,3.176,1.3576,0.9918,1.464,1.1613,2.0281,2.0363,0.3909,0.3545,0.4249,0.3856
3.2484,3.181,1.3554,0.9887,1.4658,1.1608,2.0279,2.0259,0.3893,0.3535,0.4253,0.3852
3.2406,3.1723,1.3511,0.9867,1.4645,1.16,2.0175,2.0239,0.3887,0.353,0.4261,0.3852
3.2478,3.1802,1.3511,0.9867,1.4628,1.1604,2.0129,2.0262,0.3883,0.3527,0.4245,0.3853
3.2341,3.1669,1.3504,0.987,1.4611,1.1569,2.0177,2.0231,0.3897,0.3542,0.4248,0.3866
3.2315,3.1645,1.3481,0.9855,1.45885,1.1532,2.0149,2.0209,0.3874,0.3521,0.4225,0.384
3.2191,3.1528,1.3439,0.9812,1.458,1.1552,2.0002,1.9996,0.3852,0.3501,0.4222,0.3823
3.2175,3.1512,1.3458,0.9837,1.45615,1.1526,2.0083,2.0074,0.3867,0.3517,0.4236,0.3839
3.245,3.1773,1.3419,0.9813,1.4574,1.151,2.0187,2.0211,0.3846,0.3497,0.4218,0.3808
3.2224,3.1571,1.3398,0.9798,1.4521,1.1499,2.0014,2.0014,0.3842,0.3494,0.4221,0.3835
3.2298,3.1636,1.3384,0.9788,1.4507,1.1477,2.0062,2.0063,0.3838,0.3495,0.4204,0.3825
3.2251,3.1588,1.3397,0.9804,1.4502,1.1462,2.0045,2.0094,0.385,0.3501,0.4195,0.3825
3.2215,3.1565,1.3367,0.9793,1.4489,1.1454,1.9981,2.0098,0.3841,0.3496,0.4214,0.3798
3.2235,3.1583,1.3365,0.9799,1.4469,1.1423,2.0021,1.998,0.3839,0.3493,0.4177,0.3802
3.2106,3.1467,1.3331,0.977,1.4453,1.1414,1.9961,1.9992,0.3814,0.3466,0.4191,0.3796
3.2183,3.1531,1.3313,0.9757,1.4449,1.1426,1.9934,1.9976,0.3816,0.3476,0.4196,0.3785
3.2123,3.1494,1.3296,0.9747,1.443,1.1411,1.9905,1.9989,0.3812,0.3473,0.4191,0.3802
3.2141,3.1499,1.3289,0.9745,1.4396,1.136,1.9919,1.9981,0.3817,0.348,0.4157,0.3781
3.204,3.1392,1.3273,0.9738,1.4396,1.1371,1.9885,1.9965,0.3806,0.3476,0.4152,0.379
3.2048,3.1388,1.3263,0.9727,1.4395,1.1367,1.9846,1.983,0.3809,0.3471,0.4165,0.3775
3.207,3.1432,1.324,0.9714,1.436,1.1354,1.9867,1.996,0.3799,0.3464,0.4152,0.3783
3.204,3.1408,1.3236,0.9727,1.435,1.1334,1.9797,1.9902,0.38,0.346,0.4159,0.3773
3.1969,3.1338,1.3232,0.9722,1.4328,1.132,1.9793,1.977,0.3788,0.3459,0.4141,0.3787
3.1989,3.1344,1.319,0.968,1.4301,1.1317,1.9821,1.9851,0.3773,0.3445,0.415,0.3759
3.2109,3.1493,1.3183,0.9694,1.43,1.1289,1.9802,1.9865,0.377,0.344,0.4131,0.3751
3.1883,3.1235,1.3186,0.9694,1.4281,1.1282,1.9726,1.9777,0.3784,0.3456,0.4126,0.3756
3.2057,3.144,1.315,0.9661,1.4295,1.127,1.9813,1.9903,0.3768,0.3436,0.4136,0.3756
3.1846,3.1227,1.3172,0.9681,1.4248,1.1237,1.9704,1.9749,0.3771,0.3448,0.4127,0.3748
3.184,3.1183,1.3134,0.9658,1.4275,1.1268,1.9582,1.9664,0.375,0.3422,0.4114,0.3747
3.1844,3.1238,1.312,0.9652,1.4232,1.1254,1.9766,1.9731,0.3752,0.3428,0.4113,0.374
3.2021,3.135,1.3115,0.9648,1.4221,1.12225,1.9781,1.9785,0.3755,0.3429,0.4127,0.3717
3.1808,3.1193,1.3085,0.9634,1.4202,1.1215,1.9597,1.9703,0.3746,0.3428,0.4125,0.3735
3.1918,3.1283,1.3077,0.9633,1.4193,1.12025,1.9717,1.978,0.3736,0.3416,0.4091,0.3739
3.1793,3.1177,1.3083,0.9635,1.4163,1.11905,1.9613,1.9646,0.3735,0.3416,0.4107,0.3715
3.1817,3.1213,1.3054,0.962,1.4159,1.1173,1.9584,1.9646,0.3725,0.3408,0.408,0.3719
3.1712,3.1086,1.3053,0.9616,1.4115,1.117,1.9564,1.9642,0.373,0.3411,0.4056,0.371
3.1754,3.1139,1.303,0.9604,1.4134,1.116,1.9638,1.9716,0.3713,0.3395,0.4085,0.3725
3.1744,3.11,1.3005,0.9579,1.4091,1.1148,1.9506,1.9585,0.37,0.3386,0.4077,0.37
3.1799,3.119,1.2961,0.9543,1.4076,1.1165,1.957,1.9601,0.3689,0.3383,0.4078,0.3699
3.1584,3.0987,1.2978,0.9571,1.4084,1.1125,1.9487,1.9521,0.371,0.34,0.4066,0.3709
3.1715,3.1113,1.2949,0.9548,1.4075,1.1129,1.9485,1.9575,0.3694,0.3388,0.4064,0.3687
3.1564,3.0956,1.2937,0.9549,1.4049,1.1112,1.9461,1.9486,0.3681,0.3372,0.4075,0.3689
3.1581,3.0988,1.2949,0.956,1.4028,1.1102,1.9495,1.9517,0.3677,0.3369,0.4053,0.3696
3.1594,3.0987,1.2925,0.9546,1.4032,1.1083,1.9391,1.9493,0.3683,0.3373,0.4044,0.3681
3.154,3.0956,1.29,0.9517,1.3997,1.1078,1.9467,1.9507,0.3666,0.336,0.4061,0.3669
3.1585,3.0988,1.2921,0.9547,1.4006,1.1081,1.9407,1.9504,0.3681,0.3376,0.4036,0.3679
3.1459,3.0872,1.2893,0.9529,1.3985,1.1055,1.9322,1.9355,0.3668,0.3362,0.4037,0.3676
3.1452,3.0861,1.2896,0.9528,1.3965,1.1069,1.935,1.9349,0.3663,0.3359,0.4039,0.3677
3.1605,3.1024,1.2872,0.9511,1.3938,1.1014,1.9425,1.9492,0.3648,0.3351,0.4015,0.366
3.1641,3.1054,1.2861,0.9511,1.3932,1.102,1.9482,1.9411,0.3649,0.3348,0.4016,0.3656
3.1549,3.0956,1.2843,0.9487,1.392,1.1005,1.9324,1.9359,0.36335,0.3326,0.4026,0.3678
3.1513,3.0922,1.2824,0.9476,1.3936,1.1013,1.9331,1.9397,0.36385,0.3342,0.4021,0.3663
3.1407,3.0836,1.2818,0.9474,1.3903,1.099,1.931,1.9393,0.3634,0.3336,0.4019,0.3645
3.1321,3.0733,1.2814,0.9488,1.3865,1.0992,1.9102,1.9207,0.3642,0.3341,0.4,0.3632
3.158,3.1004,1.2824,0.9487,1.3869,1.0984,1.9366,1.9395,0.3647,0.3346,0.4001,0.3668
3.1469,3.0891,1.2786,0.9462,1.3857,1.0981,1.9343,1.94,0.3632,0.33415,0.4022,0.3657
3.1422,3.0846,1.2789,0.9458,1.3829,1.0961,1.9198,1.9269,0.3626,0.33265,0.4001,0.3634
3.1416,3.0818,1.2762,0.9443,1.3805,1.0933,1.9189,1.9217,0.3619,0.3322,0.3988,0.3627
3.1416,3.0824,1.2751,0.9432,1.3816,1.0954,1.9235,1.9324,0.3609,0.33175,0.3982,0.3607
3.1349,3.0771,1.2739,0.943,1.3792,1.0928,1.9196,1.9274,0.3613,0.3323,0.4007,0.3606
3.1235,3.066,1.2759,0.9444,1.3787,1.0937,1.9102,1.9263,0.3606,0.3317,0.3978,0.3611
3.1391,3.0837,1.2735,0.9435,1.3781,1.0923,1.9287,1.9274,0.3607,0.3318,0.3964,0.3617
3.1274,3.0698,1.2713,0.9414,1.3758,1.0886,1.9157,1.9187,0.3582,0.3295,0.3977,0.3596
3.1337,3.0776,1.2691,0.9398,1.3756,1.0874,1.9155,1.9178,0.3582,0.3297,0.3955,0.361
3.1343,3.0781,1.2691,0.9414,1.3748,1.0879,1.9181,1.9291,0.3585,0.33,0.3957,0.3604
3.1367,3.0808,1.2663,0.9389,1.3733,1.0881,1.9037,1.9077,0.3572,0.3291,0.3967,0.3596
3.1241,3.0703,1.2673,0.9407,1.3709,1.0853,1.9056,1.9188,0.3594,0.3313,0.3946,0.3607
3.1167,3.0614,1.2649,0.9378,1.3717,1.0862,1.9055,1.913,0.3569,0.3283,0.3935,0.36
3.1203,3.0657,1.2652,0.9385,1.3685,1.0869,1.8951,1.9028,0.3572,0.3288,0.3959,0.3609
3.1242,3.0687,1.2629,0.9367,1.3688,1.0838,1.8984,1.9072,0.3561,0.3285,0.3945,0.3597
3.1203,3.0669,1.2601,0.935,1.3662,1.082,1.9147,1.9152,0.3546,0.3266,0.3935,0.3586
3.1164,3.06,1.2619,0.937,1.3657,1.0842,1.901,1.9113,0.3568,0.3286,0.3945,0.3586
3.1029,3.0454,1.2622,0.937,1.3672,1.0796,1.887,1.898,0.3558,0.3274,0.3928,0.3591
3.1135,3.0578,1.2601,0.9351,1.3624,1.0792,1.9067,1.9058,0.356,0.3282,0.3941,0.3593
3.1216,3.0671,1.2578,0.9338,1.3612,1.0797,1.9032,1.9033,0.3537,0.326,0.393,0.36
3.0994,3.0427,1.2557,0.9327,1.3624,1.0784,1.8785,1.8879,0.3535,0.3258,0.3938,0.3591
3.1186,3.0613,1.2556,0.9324,1.363,1.0799,1.8893,1.8977,0.3534,0.3263,0.3913,0.3584
3.0999,3.0449,1.2544,0.9313,1.3587,1.0767,1.8916,1.8893,0.3528,0.326,0.3929,0.3564
3.1099,3.0563,1.2554,0.9337,1.3578,1.0777,1.885,1.8939,0.3528,0.3253,0.3921,0.3575
3.1179,3.063,1.2531,0.9316,1.3569,1.0741,1.8899,1.8951,0.3522,0.3254,0.3914,0.3576
3.1092,3.0534,1.2514,0.9296,1.3571,1.0762,1.8917,1.9017,0.3519,0.3248,0.3927,0.3552
3.0989,3.0414,1.2518,0.9312,1.356,1.0739,1.8775,1.8857,0.3522,0.3253,0.3899,0.3547
3.0986,3.0444,1.2514,0.9299,1.3535,1.0743,1.8885,1.8904,0.3503,0.3239,0.3921,0.3565
3.1043,3.0509,1.2501,0.9306,1.3528,1.0724,1.8886,1.8911,0.3516,0.325,0.39,0.3544
3.0953,3.0418,1.2458,0.9261,1.3501,1.0729,1.8793,1.8879,0.3505,0.3232,0.3922,0.3533
3.1111,3.0562,1.2457,0.9259,1.3495,1.0701,1.8814,1.8897,0.3492,0.3228,0.388,0.3535
3.0885,3.0358,1.2442,0.9262,1.3463,1.0699,1.8793,1.8796,0.3502,0.3237,0.3872,0.3539
3.1031,3.051,1.2455,0.9283,1.3493,1.0696,1.8771,1.8866,0.3491,0.3224,0.3897,0.3545
3.0939,3.04,1.2438,0.9258,1.3459,1.0666,1.8768,1.8853,0.3482,0.3221,0.3889,0.3524
3.0865,3.0329,1.2441,0.9263,1.3461,1.069,1.8747,1.8747,0.35,0.3238,0.3869,0.3535
3.0864,3.0334,1.241,0.9241,1.3441,1.0659,1.866,1.8729,0.3474,0.3211,0.3868,0.3543
3.0841,3.0322,1.2402,0.924,1.3448,1.0654,1.8707,1.8656,0.3468,0.3206,0.3855,0.3529
3.0847,3.0337,1.2411,0.9248,1.3422,1.065,1.8802,1.8822,0.3472,0.3208,0.3873,0.3515
3.0933,3.0436,1.2379,0.9225,1.3443,1.0642,1.8686,1.8746,0.3452,0.3189,0.3856,0.353
3.0823,3.0315,1.2375,0.9225,1.3401,1.0628,1.8576,1.8739,0.3443,0.3185,0.3859,0.3526
3.0801,3.0263,1.2356,0.9209,1.3383,1.0614,1.869,1.8678,0.3454,0.3196,0.3854,0.3514
3.0865,3.0322,1.2349,0.9208,1.3382,1.06,1.8641,1.875,0.3455,0.3198,0.3847,0.3518
3.0844,3.0332,1.2345,0.9199,1.3381,1.0633,1.86085,1.8635,0.3466,0.321,0.3845,0.352
3.0822,3.0311,1.2347,0.9209,1.3363,1.0584,1.8748,1.8773,0.3451,0.3198,0.385,0.3518
3.0782,3.0269,1.2349,0.9213,1.337,1.0588,1.8557,1.8544,0.345,0.3191,0.3862,0.3511
3.0757,3.0228,1.2332,0.9199,1.3371,1.0592,1.8545,1.8632,0.3451,0.3196,0.3847,0.3484
3.0705,3.0194,1.2309,0.9192,1.3358,1.0589,1.8593,1.8665,0.3439,0.3183,0.3845,0.3474
3.0818,3.0294,1.2311,0.9189,1.3322,1.0575,1.855,1.8673,0.3446,0.3194,0.3836,0.3509
3.077,3.023,1.2293,0.9182,1.3313,1.0567,1.8542,1.8617,0.3436,0.3192,0.3845,0.3485
3.0742,3.0229,1.2274,0.916,1.3327,1.0562,1.8532,1.8659,0.343,0.3182,0.3834,0.3498
3.0632,3.0096,1.2301,0.9188,1.3295,1.0556,1.8476,1.8592,0.3432,0.3181,0.3815,0.3493
3.0638,3.0122,1.2267,0.917,1.3306,1.055,1.8451,1.849,0.3422,0.3174,0.3798,0.3468
3.0563,3.0048,1.2247,0.9155,1.3286,1.0529,1.8501,1.8528,0.342,0.3177,0.3814,0.3476
3.0704,3.0184,1.2245,0.9147,1.3292,1.0531,1.8484,1.855,0.3407,0.3155,0.3801,0.347
3.055,3.005,1.2241,0.9145,1.3254,1.0493,1.8425,1.8402,0.3404,0.3152,0.381,0.3474
3.0657,3.0154,1.2256,0.9175,1.3263,1.0532,1.8529,1.8568,0.3433,0.3192,0.3808,0.3447
3.0695,3.0185,1.2224,0.9154,1.326,1.0516,1.8458,1.8487,0.3422,0.3173,0.3791,0.3465
3.0624,3.0101,1.222,0.9147,1.3259,1.0504,1.832,1.8382,0.3397,0.3152,0.3806,0.3463
3.0599,3.0084,1.2216,0.9154,1.3211,1.0485,1.8393,1.8439,0.3407,0.3165,0.3776,0.3445
3.065,3.0153,1.2201,0.9141,1.321,1.0481,1.8419,1.8535,0.3398,0.3155,0.3794,0.347
3.0556,3.0039,1.2215,0.9156,1.3239,1.0477,1.8341,1.8379,0.3407,0.3165,0.3777,0.34535
3.0506,2.9999,1.2186,0.9142,1.3199,1.0469,1.8343,1.8428,0.3398,0.3153,0.3787,0.34515
3.0574,3.0063,1.214,0.9095,1.3179,1.0472,1.8333,1.8485,0.3374,0.3136,0.3776,0.34555
3.0554,3.0056,1.2157,0.9116,1.3176,1.0461,1.8267,1.8351,0.3383,0.3148,0.377,0.3441
3.0528,3.0017,1.2119,0.9079,1.3193,1.044,1.8287,1.8358,0.338,0.3137,0.3771,0.3443
3.0571,3.0059,1.21245,0.90925,1.3173,1.0441,1.8323,1.8404,0.336,0.3123,0.37855,0.3453
3.037,2.9871,1.2155,0.9134,1.317,1.0433,1.8223,1.8328,0.3387,0.3143,0.3775,0.3436
3.0462,2.9978,1.212,0.9095,1.3153,1.0443,1.8277,1.8323,0.3374,0.314,0.376,0.3443
3.0578,3.0066,1.2119,0.9108,1.3141,1.0445,1.8277,1.8437,0.3378,0.3141,0.3765,0.3432
3.0566,3.0059,1.2073,0.9072,1.3145,1.0418,1.8278,1.8349,0.3356,0.3117,0.376,0.3443
3.0533,3.0017,1.2074,0.9076,1.3116,1.0417,1.8191,1.8238,0.3354,0.3119,0.3745,0.3432
3.0383,2.9895,1.2088,0.9092,1.3111,1.042,1.8234,1.8363,0.337,0.3138,0.3752,0.3431
3.0463,2.9975,1.2063,0.9072,1.3096,1.0384,1.8225,1.8335,0.3349,0.3112,0.3744,0.3414
3.0389,2.9893,1.2065,0.9085,1.3089,1.0411,1.8107,1.8226,0.3355,0.3123,0.3741,0.3435
3.0443,2.9927,1.2033,0.9055,1.3086,1.0414,1.824,1.8243,0.3348,0.3115,0.3753,0.341
3.0326,2.9855,1.203,0.9046,1.3066,1.0373,1.8183,1.8248,0.3332,0.3106,0.375,0.3422
3.0445,2.9948,1.2004,0.904,1.3088,1.0385,1.8135,1.8191,0.3328,0.3098,0.375,0.3416
3.0351,2.9864,1.1999,0.9047,1.3074,1.0388,1.8076,1.8162,0.3334,0.3105,0.372,0.3417
3.0464,2.9975,1.2004,0.906,1.3077,1.0363,1.8207,1.8316,0.3338,0.3112,0.3744,0.3396
3.0339,2.9852,1.1971,0.9028,1.3069,1.0335,1.8067,1.8197,0.3321,0.3093,0.3721,0.34
3.043,2.992,1.1981,0.9046,1.3032,1.0352,1.8077,1.8207,0.3328,0.3106,0.3721,0.34
3.0394,2.9908,1.1957,0.9023,1.3018,1.0344,1.8144,1.8179,0.3315,0.3091,0.3715,0.3401
3.0303,2.981,1.1927,0.9008,1.3034,1.0354,1.7976,1.8113,0.3311,0.3091,0.3716,0.3398
3.0316,2.9837,1.1944,0.9031,1.3076,1.0335,1.8056,1.8205,0.33165,0.3094,0.3699,0.3392
3.0235,2.9752,1.1938,0.9028,1.3022,1.0329,1.8096,1.8196,0.332,0.3097,0.371,0.3397
3.0156,2.9691,1.1939,0.9039,1.3018,1.034,1.7995,1.8067,0.3331,0.31045,0.3706,0.3393
3.0284,2.981,1.1891,0.9003,1.3004,1.0312,1.8067,1.8146,0.3295,0.30765,0.3712,0.3389
3.0283,2.9786,1.1891,0.9005,1.2992,1.0311,1.8063,1.8169,0.3308,0.3085,0.3718,0.3387
3.0258,2.9768,1.188,0.9,1.2987,1.0286,1.7886,1.7962,0.3302,0.3084,0.3697,0.3389
3.0262,2.9794,1.189,0.9026,1.2999,1.0327,1.8007,1.8201,0.3311,0.3091,0.3704,0.3385
3.0305,2.983,1.1848,0.8995,1.2959,1.0292,1.815,1.8169,0.3296,0.3076,0.369,0.3358
3.0284,2.9814,1.1855,0.8994,1.2966,1.029,1.7968,1.8052,0.3297,0.3078,0.3699,0.3365
3.0145,2.9686,1.1827,0.8976,1.2985,1.0304,1.7856,1.7927,0.3305,0.3088,0.3696,0.3366
3.0239,2.9741,1.1829,0.8988,1.2958,1.027,1.8022,1.8021,0.3292,0.3072,0.3691,0.3354
3.0181,2.9725,1.1797,0.8962,1.2925,1.0253,1.7952,1.8014,0.3276,0.3062,0.3697,0.3359
3.017,2.9683,1.1818,0.899,1.2922,1.0267,1.7922,1.7975,0.3299,0.3084,0.366,0.3364
3.0216,2.974,1.1809,0.8982,1.2909,1.0259,1.799,1.8051,0.3282,0.307,0.3682,0.3374
3.013,2.9682,1.1779,0.8963,1.2912,1.0238,1.7845,1.7981,0.3274,0.3061,0.3671,0.3355
3.0159,2.9694,1.176,0.8955,1.2916,1.0252,1.7859,1.7936,0.3287,0.3068,0.3663,0.3358
3.0185,2.9724,1.1748,0.895,1.2902,1.0237,1.784,1.7991,0.3265,0.305,0.3665,0.335
3.0278,2.9805,1.1764,0.8971,1.2911,1.0233,1.8007,1.7995,0.3268,0.3056,0.3664,0.3347
3.0118,2.9652,1.1731,0.8943,1.2883,1.0249,1.7783,1.7884,0.3259,0.3047,0.3652,0.3347
3.011,2.9663,1.1732,0.8952,1.2865,1.0232,1.7783,1.7927,0.3267,0.3056,0.3665,0.3325
3.0124,2.9651,1.1698,0.893,1.2883,1.0251,1.782,1.7965,0.3251,0.3044,0.3659,0.3333
3.0094,2.9633,1.1704,0.8937,1.2891,1.0215,1.7812,1.7901,0.3248,0.3035,0.3653,0.3325
3.0065,2.9605,1.1716,0.8951,1.2853,1.0209,1.7895,1.7938,0.3263,0.3054,0.3636,0.3327
3.0066,2.9595,1.1672,0.8918,1.2879,1.0202,1.7828,1.7887,0.3256,0.3043,0.3646,0.3351
2.9931,2.9453,1.1665,0.8919,1.283,1.0227,1.7746,1.7828,0.3245,0.3035,0.3635,0.334
3.0068,2.9624,1.1667,0.8924,1.2838,1.0204,1.78,1.7947,0.3254,0.305,0.3639,0.3338
3.0146,2.9669,1.1662,0.8931,1.2822,1.0207,1.7849,1.7859,0.3243,0.3035,0.3639,0.3326
2.9976,2.9518,1.1652,0.8923,1.2809,1.0208,1.7645,1.7801,0.3262,0.3054,0.3624,0.3327
3.0005,2.9532,1.1646,0.8919,1.2774,1.0184,1.7787,1.7859,0.3249,0.3039,0.365,0.3317
3.0095,2.9608,1.1611,0.89,1.2814,1.018,1.7748,1.7849,0.3233,0.3029,0.3632,0.3306
3.0059,2.9586,1.1608,0.8895,1.2781,1.0182,1.7638,1.7741,0.3234,0.3026,0.3641,0.3325
2.9913,2.9446,1.1609,0.8902,1.2797,1.0199,1.7704,1.7764,0.3225,0.3022,0.3631,0.333
3.0102,2.9642,1.1614,0.8912,1.2801,1.016,1.773,1.7868,0.3246,0.3043,0.3628,0.3316
2.988,2.9434,1.161,0.8909,1.2754,1.0163,1.7711,1.7713,0.3248,0.3045,0.3625,0.3331
2.9955,2.9495,1.1563,0.8876,1.2757,1.0167,1.7648,1.7669,0.3214,0.3008,0.3635,0.3326
2.9936,2.9482,1.1592,0.8912,1.2751,1.0155,1.7655,1.7793,0.3235,0.3027,0.363,0.3316
3.0107,2.9663,1.1555,0.8876,1.2762,1.0134,1.7665,1.7798,0.3216,0.3008,0.3621,0.332
2.9846,2.9386,1.1583,0.8909,1.2742,1.0135,1.7608,1.764,0.3229,0.303,0.3608,0.3302
2.9908,2.9477,1.1563,0.8889,1.2733,1.014,1.7634,1.776,0.3219,0.3019,0.361,0.3292
2.9858,2.9412,1.1544,0.8882,1.2737,1.0125,1.7518,1.76,0.3203,0.3004,0.3613,0.3299
3.0,2.9553,1.1526,0.8871,1.2692,1.0122,1.7741,1.7789,0.3211,0.3004,0.3623,0.3304
2.9998,2.9545,1.1497,0.8841,1.272,1.0127,1.7598,1.7706,0.3186,0.2989,0.361,0.331
2.9864,2.9412,1.1526,0.888,1.2708,1.0144,1.7571,1.7675,0.3204,0.3005,0.3603,0.3298
2.9921,2.9458,1.1497,0.8847,1.2686,1.0116,1.7517,1.7642,0.3193,0.2994,0.3609,0.3282
2.9794,2.9348,1.1474,0.8847,1.2669,1.0122,1.7598,1.7666,0.3192,0.2996,0.3613,0.3306
2.9922,2.949,1.1475,0.8841,1.2649,1.0123,1.7511,1.756,0.3192,0.2997,0.3607,0.3284
2.9911,2.9472,1.1479,0.8851,1.264,1.0118,1.7565,1.758,0.3184,0.2984,0.3604,0.3287
2.9825,2.9392,1.1474,0.885,1.2628,1.0095,1.7414,1.7552,0.3196,0.2999,0.3587,0.3296
2.9831,2.9393,1.1473,0.8864,1.2622,1.0096,1.7469,1.758,0.319,0.2998,0.3577,0.3294
2.9867,2.9437,1.1431,0.8829,1.2625,1.0083,1.746,1.7544,0.3176,0.2978,0.3596,0.3288
2.9789,2.9342,1.1435,0.8833,1.2624,1.0088,1.7433,1.7618,0.3185,0.2981,0.3574,0.3273
2.986,2.9432,1.1446,0.8842,1.2598,1.0076,1.7546,1.7613,0.3182,0.2994,0.3589,0.3282
2.9788,2.9353,1.1415,0.8818,1.26,1.007,1.7366,1.7424,0.318,0.2987,0.3589,0.327
2.9808,2.9368,1.1429,0.8839,1.2579,1.0037,1.7441,1.7546,0.3179,0.2988,0.3593,0.329
2.9781,2.9347,1.1408,0.883,1.2597,1.0063,1.7469,1.7567,0.3185,0.2992,0.3575,0.3285
2.9728,2.929,1.1417,0.8824,1.2569,1.0029,1.7359,1.7462,0.3173,0.2982,0.3577,0.3277
2.9851,2.9399,1.1408,0.8827,1.2561,1.005,1.743,1.7578,0.3177,0.2983,0.3568,0.3253
2.9844,2.9396,1.1359,0.8788,1.256,1.0049,1.7424,1.7515,0.3159,0.297,0.3571,0.3268
2.9664,2.9232,1.1391,0.8823,1.2572,1.0044,1.7324,1.73795,0.3181,0.2986,0.3583,0.3273
2.977,2.9326,1.1367,0.8801,1.2561,1.0024,1.7277,1.7475,0.3169,0.2979,0.3569,0.3277
2.9707,2.9271,1.1366,0.8818,1.2555,1.0037,1.7361,1.7477,0.3166,0.2977,0.3568,0.3252
2.9753,2.9315,1.1364,0.8803,1.2551,1.0038,1.7325,1.7374,0.3158,0.297,0.3557,0.3265
2.9716,2.9304,1.1352,0.8808,1.2542,1.0019,1.7301,1.7452,0.3172,0.2982,0.3552,0.3253
2.9748,2.9314,1.1332,0.8785,1.251,1.0023,1.7371,1.7487,0.3154,0.2964,0.3561,0.3259
2.9839,2.9403,1.1345,0.8809,1.2509,1.0008,1.7332,1.7365,0.3166,0.298,0.3555,0.3249
2.9669,2.9239,1.1332,0.8787,1.2528,0.9993,1.7333,1.7432,0.3149,0.2961,0.3548,0.3257
2.9685,2.9267,1.1308,0.8779,1.252,1.0014,1.7385,1.7415,0.3138,0.2952,0.3548,0.3248
2.9586,2.9161,1.1314,0.88,1.2491,0.9998,1.7165,1.7302,0.3144,0.2957,0.3563,0.3245
2.9599,2.9159,1.1315,0.8797,1.2485,1.0018,1.7197,1.7318,0.3159,0.2974,0.3549,0.325
2.9777,2.9344,1.128,0.8764,1.248,0.9978,1.7367,1.7445,0.3133,0.2947,0.3529,0.3232
2.9599,2.9198,1.1285,0.8786,1.2476,0.9976,1.7256,1.733,0.3129,0.2947,0.3549,0.3239
2.9622,2.9189,1.1295,0.8786,1.2451,0.9981,1.7307,1.7393,0.3145,0.296,0.3521,0.3237
2.966,2.9241,1.1283,0.8794,1.2464,0.9953,1.7225,1.7295,0.3144,0.2961,0.3516,0.324
2.9549,2.9138,1.1259,0.8749,1.2471,0.9967,1.7228,1.7257,0.3117,0.2937,0.3523,0.3247
2.9698,2.9259,1.1275,0.8775,1.2459,0.997,1.7221,1.7353,0.3141,0.2959,0.3533,0.3227
2.9608,2.9172,1.1264,0.8773,1.2448,0.9968,1.7187,1.7277,0.3126,0.294,0.3525,0.3222
2.9581,2.9165,1.1236,0.876,1.2448,0.9971,1.7181,1.7294,0.3128,0.2947,0.3522,0.3241
2.9422,2.8991,1.1242,0.8763,1.2433,0.9955,1.717,1.7238,0.3117,0.2936,0.3529,0.3229
2.9681,2.9268,1.1247,0.8764,1.2416,0.9944,1.7233,1.7379,0.3117,0.2934,0.3526,0.3216
2.9634,2.9199,1.1231,0.8749,1.2432,0.9964,1.7156,1.7277,0.3112,0.2929,0.3513,0.323
2.9559,2.914,1.1231,0.876,1.2427,0.9945,1.7177,1.7235,0.3119,0.2939,0.3521,0.3222
2.9572,2.9166,1.1222,0.8762,1.242,0.9934,1.7158,1.7238,0.3127,0.2947,0.3526,0.3215
2.9433,2.9015,1.1201,0.874,1.2437,0.9945,1.7161,1.7252,0.31,0.292,0.351,0.3221
2.9575,2.9153,1.1207,0.8743,1.2414,0.9942,1.7101,1.7189,0.3109,0.2931,0.3512,0.3216
2.9576,2.9132,1.1175,0.8717,1.2409,0.9939,1.7072,1.72,0.309,0.2911,0.3497,0.3218
2.9463,2.9053,1.1209,0.8758,1.2412,0.9948,1.7125,1.72,0.3118,0.2939,0.3504,0.3214
2.9438,2.9017,1.1171,0.8717,1.2388,0.994,1.7068,1.7146,0.3104,0.2931,0.3502,0.3214
2.9528,2.913,1.1182,0.8742,1.2395,0.9947,1.7076,1.7201,0.309,0.2911,0.3517,0.3228
2.9417,2.8989,1.1153,0.8716,1.2387,0.9928,1.7077,1.716,0.3097,0.2924,0.3516,0.3226
2.9492,2.9087,1.1158,0.8728,1.2354,0.9896,1.6984,1.7117,0.3108,0.2926,0.3509,0.3209
2.9433,2.9031,1.1145,0.8713,1.2405,0.9923,1.7039,1.7127,0.31,0.2924,0.3502,0.3204
2.9543,2.9156,1.1126,0.8698,1.2365,0.9909,1.7122,1.7148,0.3085,0.2913,0.3504,0.3212
2.9422,2.901,1.1142,0.8716,1.2375,0.9907,1.7,1.7068,0.3083,0.2909,0.3517,0.3211
2.9427,2.9006,1.1118,0.8695,1.2319,0.9904,1.7011,1.7139,0.3089,0.2913,0.3505,0.3187
2.9511,2.9082,1.1105,0.8691,1.2339,0.9885,1.7068,1.714,0.3077,0.2902,0.348,0.3192
2.9309,2.8897,1.1139,0.8723,1.2323,0.9895,1.6931,1.7105,0.3112,0.2939,0.3487,0.3181
2.9437,2.9013,1.1111,0.8695,1.2348,0.9869,1.7025,1.7094,0.3079,0.2907,0.3511,0.3188
2.9479,2.9067,1.1098,0.8689,1.2348,0.9862,1.7033,1.7132,0.3075,0.2904,0.3495,0.3186
2.9363,2.8958,1.1118,0.8711,1.2323,0.9876,1.6901,1.7048,0.308,0.2903,0.3467,0.3183
2.9459,2.9051,1.1079,0.8681,1.2322,0.9879,1.6975,1.7082,0.3067,0.2893,0.3482,0.3161
2.9383,2.8972,1.1074,0.8677,1.2332,0.9868,1.6949,1.7062,0.3064,0.2889,0.3461,0.319
2.9339,2.8943,1.1086,0.8691,1.2293,0.9859,1.6944,1.7034,0.3073,0.2903,0.347,0.317
2.9472,2.9065,1.1085,0.8697,1.2283,0.9861,1.6977,1.7036,0.3069,0.2901,0.3468,0.3183
2.9413,2.8999,1.1053,0.867,1.228,0.9851,1.6892,1.7068,0.3073,0.29,0.3475,0.3188
2.9346,2.8955,1.1061,0.8671,1.227,0.9859,1.6937,1.7035,0.3053,0.2882,0.3444,0.3178
2.9318,2.8938,1.1052,0.8681,1.2257,0.9871,1.6877,1.6985,0.3056,0.2886,0.3474,0.319
2.9378,2.9003,1.101,0.8667,1.2241,0.985,1.6905,1.7033,0.3066,0.2896,0.3466,0.3178
2.9387,2.8987,1.0971,0.8668,1.2275,0.9869,1.6922,1.7047,0.3061,0.2891,0.3474,0.3176
2.9411,2.902,1.0966,0.8672,1.2268,0.9853,1.6886,1.6973,0.3046,0.2876,0.3468,0.3164
2.9226,2.8836,1.0981,0.8683,1.2227,0.9866,1.6845,1.6915,0.3061,0.2897,0.3471,0.3185
2.9361,2.8963,1.0954,0.866,1.2227,0.9847,1.688,1.6983,0.3067,0.2896,0.3469,0.3183
2.9324,2.8931,1.0938,0.8644,1.2214,0.981,1.6784,1.6834,0.3044,0.2877,0.3459,0.3177
2.9379,2.8987,1.0965,0.8669,1.2239,0.9843,1.6821,1.6982,0.305,0.2882,0.3456,0.3177
2.9318,2.8929,1.0937,0.8651,1.2232,0.9818,1.6841,1.6987,0.3042,0.2874,0.3448,0.3159
2.9264,2.8884,1.0933,0.8654,1.2221,0.9812,1.6828,1.692,0.3054,0.2888,0.3472,0.3177
2.9372,2.8977,1.0937,0.8656,1.2214,0.9852,1.6799,1.6878,0.3055,0.289,0.3473,0.3175
2.9317,2.8938,1.0919,0.8642,1.2221,0.9805,1.6872,1.6985,0.3033,0.287,0.3471,0.3176
2.9323,2.8933,1.0896,0.8634,1.2203,0.9828,1.6805,1.6898,0.3023,0.2855,0.3459,0.3164
2.9298,2.8896,1.0926,0.8658,1.2186,0.9784,1.6737,1.6875,0.303,0.2863,0.3447,0.3157
2.9261,2.8884,1.0913,0.8649,1.2174,0.9787,1.6849,1.6974,0.3043,0.2878,0.3459,0.3169
2.9281,2.8882,1.0914,0.8655,1.2172,0.9794,1.679,1.6841,0.3034,0.2872,0.3441,0.3153
2.9221,2.8837,1.0918,0.8663,1.2196,0.9823,1.6682,1.6806,0.3046,0.2882,0.3461,0.3143
2.9309,2.8913,1.0889,0.8637,1.2178,0.9794,1.6839,1.6826,0.3049,0.2884,0.3431,0.3146
2.9261,2.8859,1.0867,0.8622,1.2137,0.9818,1.6735,1.6823,0.3006,0.2846,0.3439,0.3148
2.922,2.8836,1.0855,0.8614,1.215,0.9772,1.6672,1.6795,0.3018,0.2851,0.3444,0.3139
2.9252,2.8869,1.0862,0.8624,1.2157,0.978,1.6804,1.6863,0.3027,0.2865,0.3438,0.313
2.9228,2.8838,1.0852,0.8615,1.2157,0.9764,1.6648,1.6697,0.3005,0.2844,0.3414,0.3142
2.9157,2.8764,1.0853,0.8618,1.2144,0.9764,1.6663,1.6755,0.3016,0.2854,0.3439,0.3163
2.9268,2.8876,1.0856,0.8624,1.2128,0.9758,1.6661,1.6812,0.3024,0.286,0.3426,0.3133
2.9273,2.8867,1.0823,0.8591,1.2135,0.976,1.6819,1.6935,0.2984,0.2829,0.3431,0.3138
2.9213,2.8818,1.0821,0.8607,1.2111,0.9764,1.6671,1.6734,0.3004,0.2846,0.3421,0.3141
2.9087,2.8702,1.0836,0.8617,1.2103,0.9734,1.6617,1.6681,0.3014,0.2856,0.3424,0.3145
2.9261,2.8864,1.0816,0.8589,1.2128,0.9747,1.6762,1.6748,0.2999,0.2841,0.3433,0.3143
2.9146,2.8758,1.083,0.8612,1.2145,0.9731,1.6553,1.6643,0.3005,0.285,0.3417,0.3134
2.9162,2.8751,1.0805,0.8587,1.2111,0.973,1.6624,1.6733,0.2993,0.2837,0.3416,0.3135
2.9174,2.8801,1.0811,0.8605,1.2135,0.9732,1.6683,1.6728,0.2992,0.2839,0.3425,0.3148
2.9197,2.8796,1.0785,0.8583,1.2111,0.9731,1.6539,1.6622,0.2995,0.2844,0.3431,0.3138
2.9147,2.8752,1.0812,0.8606,1.2096,0.9738,1.6554,1.6621,0.3003,0.2845,0.3416,0.312
2.9094,2.8706,1.0796,0.8601,1.2117,0.9728,1.6689,1.6815,0.2997,0.2839,0.3416,0.3103
2.9163,2.8769,1.0785,0.858,1.211,0.974,1.6595,1.6681,0.2986,0.2827,0.3418,0.3139
2.8967,2.8596,1.078,0.8594,1.2114,0.9727,1.6501,1.6671,0.2991,0.2836,0.3411,0.3109
2.9018,2.8645,1.078,0.8588,1.2094,0.9714,1.6493,1.6626,0.2993,0.2834,0.3411,0.3121
2.9207,2.8817,1.0766,0.8583,1.208,0.9708,1.6612,1.6703,0.2977,0.2827,0.3393,0.31215
2.9067,2.8667,1.076,0.8574,1.2066,0.9704,1.6506,1.6545,0.2984,0.2828,0.3384,0.3121
2.9021,2.865,1.0744,0.8563,1.2075,0.9708,1.663,1.6733,0.2979,0.2827,0.3409,0.3126
2.9002,2.8633,1.0772,0.8587,1.2077,0.9703,1.6413,1.6522,0.299,0.2832,0.3382,0.3121
2.9076,2.8726,1.0741,0.8568,1.2062,0.9715,1.6498,1.6679,0.2971,0.2818,0.3393,0.3094
2.9153,2.878,1.0775,0.8589,1.2077,0.9699,1.6593,1.6642,0.2982,0.2828,0.3390499999999999,0.311
2.90975,2.8716,1.0741,0.8566,1.2078,0.9664,1.65,1.6615,0.2973,0.282,0.3385,0.3114
2.9199,2.8749,1.0754,0.8592,1.2042,0.9675,1.6519,1.662,0.2984,0.2831,0.3388,0.3108
2.9073,2.872,1.0725,0.856,1.2049,0.9684,1.6495,1.6618,0.2971,0.2816,0.3391,0.3111
2.8975,2.8645,1.071,0.8546,1.2033,0.9671,1.6467,1.6542,0.2957,0.2809,0.3371,0.3113
2.8995,2.8667,1.0738,0.8579,1.2053,0.9682,1.6409,1.6582,0.297,0.2818,0.338,0.311
2.9192,2.8691,1.0725,0.8573,1.2051,0.9653,1.6418,1.665,0.2982,0.2828,0.3388,0.3096
2.9024,2.8786,1.0738,0.8586,1.2037,0.9646,1.6476,1.6592,0.2974,0.2825,0.3381,0.3085
2.9072,2.8574,1.0696,0.8551,1.2042,0.9661,1.6381,1.6485,0.2971,0.2819,0.3385,0.3106
2.9142,2.866,1.0722,0.8573,1.2019,0.965,1.6488,1.6636,0.2981,0.2831,0.3386,0.3101
2.9022,2.8748,1.0704,0.8555,1.2009,0.965,1.6464,1.6561,0.2965,0.2816,0.3384,0.3081
2.8904,2.8568,1.0698,0.8557,1.2034,0.965,1.6351,1.6483,0.2964,0.2816,0.3373,0.3097
2.9127,2.865,1.0691,0.8545,1.2,0.9664,1.6482,1.6556,0.2955,0.2808,0.3363,0.3089
2.8967,2.87,1.0685,0.8537,1.2027,0.9696,1.6466,1.6601,0.2958,0.2811,0.3376,0.3082
2.8871,2.8536,1.0674,0.8541,1.2023,0.9645,1.6288,1.6421,0.2958,0.2812,0.3373,0.3078
2.896,2.862,1.0662,0.8523,1.1988,0.9637,1.6423,1.656,0.2938,0.2791,0.3354,0.308
2.9065,2.8681,1.0666,0.8539,1.201,0.9658,1.6424,1.6538,0.2958,0.2812,0.337,0.3097
2.8851,2.8595,1.0686,0.8549,1.1984,0.9638,1.6299,1.6392,0.2961,0.2814,0.3373,0.3086
2.9027,2.8632,1.0666,0.8531,1.2012,0.9664,1.6349,1.6535,0.294,0.2793,0.3342,0.3092
2.9081,2.8711,1.0648,0.8519,1.1978,0.9646,1.6429,1.6599,0.294,0.2799,0.3358,0.3082
2.8923,2.8609,1.0665,0.8528,1.1984,0.9626,1.632,1.6433,0.2945,0.2794,0.3359,0.3072
2.9148,2.8667,1.066,0.8535,1.1982,0.964,1.6434,1.6562,0.294,0.2795,0.3366,0.3068
2.8848,2.8594,1.0635,0.8512,1.1972,0.9637,1.6287,1.6407,0.2936,0.2791,0.3356,0.3074
2.884,2.851,1.0617,0.8502,1.1981,0.9633,1.6229,1.63,0.2936,0.2794,0.3352,0.3073
2.9008,2.8627,1.0643,0.8532,1.1948,0.9601,1.6314,1.6384,0.293,0.2789,0.3347,0.3079
2.8896,2.8467,1.0608,0.8494,1.1951,0.9639,1.6344,1.6447,0.2914,0.2768,0.3354,0.3075
2.8802,2.8533,1.0622,0.8515,1.1969,0.9637,1.62505,1.634,0.2941,0.2795,0.335,0.3068
2.8973,2.8427,1.0612,0.8516,1.194,0.9596,1.6333,1.6408,0.2946,0.28,0.3334,0.3055
2.8825,2.8525,1.0618,0.8507,1.1943,0.9613,1.621,1.6359,0.293,0.2789,0.3347,0.306
2.898,2.8503,1.0613,0.8503,1.1944,0.9616,1.6271,1.6376,0.293,0.2791,0.3357,0.3068
2.8872,2.8585,1.0621,0.8521,1.194,0.9624,1.6258,1.6357,0.2945,0.28,0.3337,0.3066
2.8918,2.8469,1.0612,0.852,1.1897,0.9607,1.6285,1.6414,0.2946,0.2806,0.3334,0.3063
2.8827,2.8396,1.0587,0.849,1.1876,0.9613,1.615,1.6277,0.2914,0.2772,0.3346,0.3064
2.8898,2.8461,1.0592,0.8504,1.1881,0.9617,1.6317,1.6347,0.2924,0.2781,0.3324,0.3075
2.8883,2.8623,1.0577,0.8485,1.187,0.9585,1.6327,1.6437,0.2928,0.2782,0.3337,0.3063
2.8739,2.8396,1.0584,0.8494,1.1891,0.9603,1.6212,1.6259,0.2924,0.2784,0.333,0.3046
2.8836,2.8388,1.0578,0.8499,1.1897,0.9586,1.6261,1.6291,0.2914,0.2768,0.3338,0.3037
2.8895,2.8389,1.0574,0.8496,1.187,0.9579,1.6198,1.6248,0.2916,0.278,0.3329,0.3041
2.9071,2.8547,1.0565,0.8489,1.1873,0.9594,1.6324,1.6451,0.2927,0.2787,0.3339,0.3046
2.8893,2.854,1.056,0.848,1.1893,0.9608,1.6181,1.6317,0.291,0.2768,0.3337,0.3053
2.8765,2.8432,1.057,0.8491,1.1882,0.956,1.6135,1.625,0.2921,0.2783,0.3323,0.306
2.8868,2.8423,1.0572,0.8501,1.1865,0.9579,1.6196,1.6347,0.2917,0.2775,0.3338,0.307
2.8844,2.8486,1.0572,0.8493,1.1849,0.9563,1.6067,1.6181,0.2915,0.277,0.3304,0.3053
2.8789,2.8456,1.0543,0.8469,1.1857,0.9575,1.6142,1.624,0.2892,0.275,0.3323,0.3056
2.8909,2.8502,1.0558,0.8494,1.1861,0.9582,1.6189,1.6301,0.291,0.2769,0.3327,0.3051
2.8766,2.8359,1.0541,0.849,1.1871,0.9563,1.6085,1.6177,0.2905,0.2767,0.3317,0.3056
2.889,2.8559,1.0535,0.8473,1.1856,0.9573,1.6138,1.6222,0.2894,0.2755,0.3343,0.3049
2.8871,2.8315,1.0547,0.8491,1.1836,0.9558,1.606,1.6163,0.292,0.278,0.3329,0.304
2.8708,2.8506,1.0543,0.8484,1.1817,0.9562,1.6039,1.615,0.292,0.2781,0.3334,0.3059
2.8868,2.8427,1.0549,0.8503,1.1855,0.9561,1.6121,1.6332,0.2909,0.277,0.3304,0.3056
2.8727,2.844,1.0514,0.8462,1.1867,0.9543,1.6171,1.6266,0.2895,0.2758,0.3315,0.3042
2.8884,2.8466,1.0493,0.8449,1.1808,0.954,1.6138,1.6146,0.2896,0.2757,0.3305,0.3038
2.8763,2.8415,1.0511,0.8464,1.1801,0.9555,1.605,1.6192,0.289,0.276,0.3301,0.3044
2.8789,2.8426,1.0515,0.8468,1.1814,0.9564,1.6084,1.6207,0.2883,0.275,0.332,0.3042
2.8764,2.8493,1.0511,0.8455,1.181,0.956,1.6055,1.6178,0.2891,0.2757,0.3304,0.3047
2.8777,2.8386,1.0506,0.8461,1.1807,0.9549,1.6059,1.6201,0.2899,0.2761,0.331,0.3038
2.8792,2.8428,1.0501,0.8457,1.1805,0.9543,1.6134,1.6219,0.2876,0.2737,0.3313,0.3028
2.8686,2.8337,1.0505,0.8474,1.1839,0.9534,1.5919,1.6059,0.289,0.2755,0.3322,0.3037
2.874,2.8447,1.0505,0.847,1.1796,0.9544,1.6065,1.6202,0.2887,0.2754,0.3301,0.3038
2.8739,2.8327,1.0475,0.8444,1.1791,0.9514,1.6007,1.6079,0.2888,0.2748,0.3313,0.3039
2.8741,2.8366,1.0483,0.8458,1.1769,0.9544,1.6056,1.6161,0.2897,0.276,0.3305,0.3019
2.8829,2.8457,1.0483,0.8456,1.1778,0.9546,1.6042,1.607,0.2887,0.2755,0.3302,0.3013
2.8694,2.8467,1.0473,0.844,1.179,0.9541,1.597,1.607,0.2882,0.2746,0.3308,0.3042
2.8803,2.8396,1.0469,0.8453,1.1783,0.954,1.6062,1.6151,0.2872,0.2741,0.3303,0.3011
2.8773,2.846,1.0489,0.8469,1.1768,0.9544,1.6035,1.6074,0.2884,0.275,0.3299,0.3015
2.8786,2.828,1.0465,0.8445,1.1771,0.9541,1.6006,1.6102,0.2882,0.2746,0.3288,0.3021
2.8632,2.8373,1.0485,0.8465,1.1741,0.9533,1.5922,1.6031,0.2893,0.2762,0.3277,0.3018
2.8733,2.8348,1.0487,0.8465,1.1757,0.9538,1.5987,1.6121,0.2876,0.2744,0.3304,0.3013
2.8803,2.8348,1.0457,0.843,1.1722,0.954,1.6062,1.6096,0.2878,0.2745,0.3271,0.3006
2.8799,2.8406,1.0442,0.8428,1.1749,0.9526,1.5981,1.6039,0.2862,0.273,0.3291,0.3021
2.8747,2.8403,1.0461,0.844,1.177,0.9541,1.5956,1.6095,0.287,0.273,0.3302,0.3016
2.8602,2.8268,1.0434,0.8429,1.1745,0.9511,1.5909,1.6016,0.2872,0.2739,0.3304,0.3034
2.8726,2.8408,1.0449,0.8442,1.1744,0.9503,1.5971,1.6044,0.2863,0.273,0.328,0.302
2.8705,2.8313,1.0441,0.8439,1.1742,0.9515,1.5855,1.5987,0.2865,0.2735,0.3269,0.3016
2.8623,2.8274,1.042,0.8422,1.1731,0.9521,1.5941,1.6016,0.2848,0.2717,0.3287,0.2994
2.8655,2.8348,1.0415,0.8402,1.172,0.9526,1.5996,1.6039,0.2849,0.2725,0.3271,0.3015
2.8553,2.8293,1.0409,0.8417,1.1729,0.9508,1.5879,1.6002,0.286,0.2727,0.3302,0.3006
2.8573,2.8279,1.0428,0.8429,1.1725,0.95,1.5844,1.604,0.2854,0.2721,0.3291,0.3016
2.872,2.828,1.0443,0.8445,1.1709,0.9521,1.5907,1.6015,0.2858,0.2734,0.3267,0.2997
2.8705,2.8427,1.0404,0.8423,1.1699,0.9522,1.5876,1.5991,0.2851,0.2722,0.3269,0.2996
2.8636,2.8306,1.0403,0.8414,1.1708,0.9507,1.5815,1.593,0.28645,0.2726,0.3269,0.3002
2.8609,2.8178,1.0396,0.8402,1.1702,0.951,1.59,1.6001,0.2853,0.2724,0.3275,0.3011
2.8641,2.8279,1.0405,0.8413,1.17,0.951,1.5794,1.5919,0.2837,0.2715,0.3267,0.2993
2.867,2.8186,1.041,0.8419,1.1714,0.9493,1.5818,1.5889,0.2854,0.272,0.3269,0.3
2.8697,2.8351,1.0407,0.8423,1.1685,0.9492,1.5889,1.597,0.2851,0.2721,0.3255,0.2984
2.859,2.8363,1.0389,0.8405,1.1688,0.9472,1.5905,1.6088,0.2841,0.2711,0.3272,0.2984
2.8623,2.8236,1.0382,0.8401,1.168,0.9506,1.5849,1.5918,0.2841,0.2715,0.3272,0.299
2.8592,2.83,1.0389,0.8421,1.168,0.9475,1.5864,1.5944,0.2853,0.2728,0.3256,0.2994
2.8616,2.8349,1.0381,0.8402,1.1707,0.9471,1.5793,1.5894,0.2845,0.2717,0.3256,0.2995
2.8599,2.8197,1.0377,0.8394,1.1679,0.9477,1.5785,1.5934,0.2841,0.2708,0.3256,0.2993
2.8583,2.8376,1.0391,0.8421,1.1677,0.9447,1.5816,1.5933,0.284,0.2721,0.3242,0.2989
2.8598,2.8129,1.0367,0.8394,1.1688,0.9451,1.5742,1.5922,0.2835,0.2711,0.3249,0.2999
2.8591,2.8328,1.0391,0.842,1.1696,0.9449,1.5808,1.591,0.2842,0.2705,0.3262,0.2986
2.8649,2.8219,1.0372,0.84,1.1664,0.9452,1.5803,1.5926,0.284,0.272,0.3253,0.299
2.858,2.8288,1.0365,0.8406,1.1682,0.9452,1.5777,1.5899,0.2838,0.271,0.3253,0.3001
2.8607,2.8266,1.0371,0.8413,1.1673,0.9443,1.5723,1.587,0.2833,0.2691,0.3252,0.2975
2.8541,2.8168,1.0352,0.8384,1.1661,0.9466,1.5654,1.5844,0.2813,0.2698,0.3255,0.2981
2.8534,2.8167,1.0357,0.8391,1.1655,0.943,1.5755,1.5828,0.2833,0.271,0.3238,0.2983
2.8561,2.809,1.0349,0.8383,1.1668,0.9466,1.5662,1.5791,0.2834,0.2693,0.3249,0.2975
2.8555,2.824,1.0335,0.837,1.1644,0.9435,1.5771,1.5956,0.2822,0.2698,0.3264,0.2975
2.853,2.8229,1.035,0.8393,1.1652,0.9436,1.5714,1.5837,0.2832,0.2709,0.3252,0.2975
2.8565,2.8208,1.0335,0.8379,1.1656,0.9436,1.5683,1.5818,0.2815,0.2691,0.3244,0.2976
2.8478,2.8146,1.0339,0.8382,1.1646,0.9427,1.57,1.5854,0.2819,0.2699,0.3245,0.2981
2.8588,2.821,1.0328,0.8384,1.1646,0.9416,1.5783,1.5921,0.2825,0.2688,0.3224,0.2972
2.8563,2.8357,1.0322,0.838,1.1634,0.9418,1.5669,1.5842,0.282,0.2691,0.3226,0.2964
2.8472,2.8074,1.0338,0.8394,1.1634,0.9445,1.5639,1.5789,0.2829,0.2701,0.3233,0.2986
2.8647,2.8258,1.0323,0.8375,1.1631,0.9424,1.5773,1.591,0.2814,0.2693,0.3235,0.2973
2.845,2.8079,1.0327,0.8378,1.1635,0.9424,1.5594,1.5731,0.2813,0.2692,0.3245,0.2962
2.8541,2.8125,1.0317,0.8369,1.1631,0.9444,1.5651,1.571,0.2809,0.269,0.323,0.2975
2.8597,2.8314,1.0345,0.8401,1.1639,0.941,1.5761,1.5874,0.2825,0.2709,0.3231,0.2985
2.8389,2.8145,1.0301,0.8365,1.1616,0.9411,1.5537,1.5714,0.2807,0.2683,0.3251,0.2972
2.8462,2.8123,1.0293,0.8362,1.1626,0.9409,1.5712,1.5817,0.2802,0.2685,0.3236,0.2967
2.8511,2.8188,1.031,0.8375,1.1626,0.9417,1.5655,1.5813,0.2806,0.2675,0.323,0.2972
2.8397,2.8184,1.0301,0.8366,1.1579,0.9422,1.5638,1.5745,0.281,0.2679,0.3232,0.2955
2.8442,2.8049,1.0282,0.8352,1.1609,0.9419,1.5606,1.5731,0.2794,0.2677,0.325,0.2949
2.8472,2.8131,1.0274,0.8336,1.1603,0.9408,1.5586,1.5734,0.2796,0.2682,0.3235,0.2956
2.8564,2.8212,1.0304,0.8373,1.1592,0.9408,1.5638,1.5754,0.2813,0.2693,0.3219,0.2963
2.8462,2.8101,1.0308,0.8375,1.1597,0.9409,1.5553,1.5686,0.2805,0.2685,0.3223,0.294
2.8512,2.8235,1.0312,0.838,1.1591,0.9402,1.5654,1.5828,0.2813,0.2695,0.3212,0.2964
2.8478,2.8092,1.0283,0.8347,1.156,0.9407,1.5615,1.5768,0.2792,0.2671,0.3213,0.2947
2.8446,2.8167,1.0286,0.8366,1.1571,0.9396,1.5474,1.561,0.2792,0.2676,0.3219,0.2959
2.8505,2.8108,1.0263,0.8347,1.1573,0.9393,1.5594,1.5775,0.2803,0.267,0.3225,0.2963
2.8435,2.8121,1.0287,0.8377,1.157,0.9389,1.5615,1.5702,0.2799,0.269,0.3207,0.2954
2.8487,2.8131,1.0278,0.8352,1.1589,0.9401,1.5591,1.5657,0.2796,0.2672,0.3219,0.2958
2.8541,2.8151,1.0269,0.8351,1.1575,0.9382,1.5661,1.5737,0.2785,0.2662,0.321,0.2959
2.8309,2.8125,1.0266,0.8344,1.1552,0.9411,1.5456,1.5648,0.2786,0.2677,0.3218,0.2953
2.8424,2.8116,1.0261,0.8344,1.1561,0.9387,1.5486,1.5615,0.2786,0.2661,0.3221,0.2953
2.8544,2.8117,1.0255,0.8337,1.1581,0.9409,1.5589,1.5738,0.2804,0.2673,0.321,0.2971
2.8361,2.8052,1.0264,0.8356,1.1571,0.9399,1.5542,1.5606,0.2791,0.2672,0.3225,0.2965
2.8501,2.8113,1.0273,0.8363,1.159,0.9424,1.5525,1.5664,0.2791,0.2678,0.3223,0.2964
2.8373,2.8017,1.0278,0.8371,1.15705,0.94,1.5454,1.5513,0.2794,0.267,0.3215,0.2963
2.8477,2.8137,1.0241,0.8338,1.1554,0.9382,1.5575,1.566,0.2787,0.2673,0.3196,0.2944
2.8456,2.8081,1.0253,0.8347,1.15635,0.938,1.5477,1.5566,0.2783,0.2671,0.3226,0.2954
2.8377,2.8098,1.0257,0.8352,1.1568,0.9394,1.5471,1.5615,0.278,0.2662,0.3227,0.2956
2.8447,2.8131,1.0241,0.8343,1.1549,0.9379,1.5526,1.5632,0.2791,0.2663,0.3214,0.2967
2.8491,2.8177,1.0227,0.8322,1.1546,0.937,1.5551,1.5687,0.2774,0.2661,0.3216,0.2938
2.8318,2.8041,1.0253,0.8348,1.1545,0.9383,1.5441,1.5517,0.2792,0.2671,0.3213,0.2946
2.8298,2.8044,1.0257,0.8349,1.1535,0.9352,1.548,1.5616,0.2789,0.2676,0.3219,0.2946
2.8346,2.799,1.0221,0.832,1.1551,0.9358,1.5479,1.5645,0.277,0.2654,0.3201,0.2947
2.8397,2.807,1.0253,0.8345,1.1558,0.9367,1.5488,1.5597,0.2784,0.2665,0.3224,0.2938
2.8471,2.7964,1.0239,0.8339,1.1551,0.9352,1.5513,1.5601,0.2776,0.2669,0.319,0.2937
2.8454,2.8105,1.0215,0.8321,1.1536,0.9348,1.5477,1.5584,0.2762,0.265,0.32,0.2931
2.8445,2.8061,1.0216,0.8328,1.1533,0.9369,1.5467,1.5563,0.2774,0.267,0.3217,0.2943
2.8411,2.8032,1.0223,0.833,1.1527,0.936,1.5509,1.5556,0.2771,0.2657,0.3205,0.2934
2.844,2.7983,1.0212,0.8329,1.1538,0.9324,1.5469,1.5551,0.2765,0.2653,0.3183,0.294
2.8367,2.803,1.0208,0.8319,1.1518,0.9345,1.5425,1.5502,0.2771,0.2646,0.3195,0.2949
2.8306,2.8036,1.0214,0.8325,1.1532,0.9351,1.5379,1.5494,0.2763,0.265,0.3194,0.2922
2.836,2.7966,1.0202,0.8311,1.1524,0.9355,1.5518,1.5597,0.2769,0.264,0.3193,0.2931
2.8306,2.8054,1.0192,0.8317,1.1498,0.9349,1.543,1.5523,0.2758,0.263,0.3182,0.2945
2.8218,2.8059,1.0213,0.833,1.1514,0.9335,1.534,1.5488,0.2772,0.2648,0.3206,0.2949
2.8467,2.8101,1.0202,0.8315,1.1508,0.9342,1.5511,1.5646,0.277,0.2651,0.321,0.2941
2.8257,2.8005,1.0195,0.8315,1.1514,0.9332,1.5269,1.5446,0.2769,0.2651,0.3191,0.2945
2.8477,2.8047,1.0169,0.8296,1.1513,0.9365,1.546,1.5542,0.2753,0.264,0.3187,0.2932
2.8245,2.7944,1.0202,0.8322,1.1525,0.9349,1.5409,1.5482,0.2756,0.2635,0.3196,0.2935
2.8346,2.7981,1.0201,0.8321,1.1509,0.9341,1.5269,1.5448,0.2774,0.2652,0.3202,0.2937
2.8251,2.7936,1.0186,0.8312,1.1502,0.9334,1.5324,1.5458,0.2758,0.2646,0.3193,0.2919
2.8481,2.8049,1.0175,0.8293,1.1489,0.9334,1.5494,1.5622,0.2745,0.2634,0.3197,0.2911
2.8333,2.8071,1.0187,0.831,1.1495,0.9329,1.5374,1.5427,0.2759,0.2647,0.3186,0.2947
2.8312,2.8032,1.02,0.8324,1.1478,0.9344,1.5289,1.5431,0.2756,0.265,0.3186,0.2919
2.8301,2.7874,1.0184,0.8299,1.15,0.9336,1.5381,1.544,0.274,0.2624,0.3187,0.2932
2.8264,2.7972,1.0188,0.8316,1.147,0.9351,1.5262,1.5382,0.2757,0.2643,0.3172,0.2925
2.8329,2.8006,1.0163,0.8296,1.1467,0.9315,1.5364,1.5475,0.275,0.2624,0.3153,0.2919
2.8321,2.8073,1.0167,0.8295,1.1477,0.9343,1.5389,1.548,0.2743,0.2643,0.319,0.2914
2.8293,2.8001,1.017,0.8304,1.1463,0.9315,1.526,1.5427,0.2764,0.2642,0.3169,0.2916
2.8205,2.7882,1.0136,0.8285,1.1482,0.9318,1.5235,1.5358,0.2749,0.2642,0.318,0.2907
2.8292,2.8003,1.0165,0.8308,1.1471,0.9324,1.5301,1.5449,0.2745,0.264,0.3168,0.2917
2.8409,2.8184,1.0168,0.8308,1.145,0.9327,1.5405,1.5478,0.2744,0.263,0.3171,0.2926
2.8293,2.7967,1.0151,0.8287,1.144,0.9321,1.5342,1.5502,0.2756,0.2635,0.3159,0.291
2.8255,2.7985,1.0166,0.832,1.146,0.9331,1.5304,1.5442,0.2765,0.2643,0.3151,0.2908
2.8285,2.7883,1.0145,0.8286,1.1461,0.9337,1.5275,1.5366,0.2724,0.2634,0.3187,0.292
2.8295,2.7963,1.0137,0.8283,1.1469,0.9315,1.5271,1.5374,0.2749,0.2632,0.3165,0.2924
2.8106,2.7857,1.0171,0.8313,1.147,0.9322,1.5195,1.5262,0.2743,0.263,0.3174,0.2908
2.8462,2.8009,1.0158,0.8291,1.1432,0.9321,1.5469,1.5486,0.2742,0.2629,0.3176,0.2915
2.8378,2.8009,1.0145,0.8283,1.1438,0.9315,1.5249,1.5395,0.274,0.2637,0.3153,0.2886
2.8263,2.7954,1.015,0.8296,1.1454,0.9305,1.5213,1.5358,0.2739,0.2621,0.3167,0.2902
2.828,2.7949,1.0116,0.8265,1.1422,0.9294,1.5276,1.5365,0.2733,0.2625,0.3167,0.2912
2.8264,2.7885,1.0144,0.8293,1.1456,0.9296,1.5241,1.536,0.2737,0.2621,0.3172,0.2909
2.823,2.793,1.0156,0.8303,1.1437,0.9309,1.5252,1.5354,0.276,0.2644,0.31635,0.2897
2.8308,2.8015,1.014,0.8295,1.1445,0.9283,1.5241,1.534,0.2739,0.2625,0.3164,0.2902
2.8239,2.7991,1.0157,0.8308,1.144,0.9298,1.5233,1.5331,0.273,0.263,0.315,0.2891
2.819,2.7903,1.0119,0.8279,1.1445,0.931,1.5136,1.5302,0.2736,0.2629,0.3162,0.2905
2.8213,2.7935,1.0119,0.8276,1.1438,0.9294,1.5274,1.5334,0.2736,0.2626,0.3161,0.2905
2.8229,2.793,1.0118,0.8267,1.1438,0.9299,1.5172,1.5287,0.2726,0.262,0.3162,0.2904
2.835,2.7995,1.0117,0.8278,1.1443,0.931,1.522,1.5353,0.2748,0.2621,0.316,0.2906
2.8226,2.7927,1.0134,0.8287,1.1435,0.9288,1.5227,1.5266,0.272,0.2613,0.3157,0.2902
2.8174,2.7839,1.0097,0.8267,1.1433,0.9283,1.5163,1.5318,0.2723,0.261,0.31575,0.29
2.8226,2.7995,1.0131,0.8291,1.1439,0.9304,1.5246,1.5253,0.2734,0.2629,0.3147,0.289
2.8154,2.7917,1.0115,0.8272,1.1426,0.9268,1.5135,1.5264,0.2731,0.2619,0.31455,0.2889
2.8263,2.796,1.0091,0.8259,1.1421,0.9272,1.521,1.5368,0.2724,0.2612,0.3155,0.2899
2.8181,2.7847,1.011,0.8266,1.1439,0.9281,1.5157,1.5239,0.2727,0.2621,0.3144,0.2887
2.8319,2.787,1.0107,0.8269,1.1441,0.9268,1.5152,1.5282,0.2717,0.2613,0.3142,0.2882
2.8287,2.7754,1.0098,0.8264,1.1417,0.9304,1.5212,1.5337,0.2726,0.2605,0.3151,0.2891
2.8208,2.8006,1.0135,0.8299,1.142,0.9284,1.5119,1.5264,0.274,0.2625,0.3146,0.289
2.8141,2.7852,1.008,0.8254,1.1421,0.9301,1.5132,1.5235,0.2734,0.2611,0.3152,0.2899
2.8212,2.7805,1.0105,0.8283,1.1445,0.9281,1.5114,1.5315,0.2722,0.2625,0.3151,0.2893
2.8077,2.7838,1.0094,0.8262,1.1406,0.9295,1.5107,1.5207,0.2719,0.261,0.3157,0.2899
2.8225,2.7903,1.0093,0.8274,1.1401,0.9268,1.5156,1.525,0.2736,0.2618,0.3147,0.2888
2.8231,2.7871,1.0079,0.8244,1.1427,0.9259,1.5142,1.5267,0.271,0.2611,0.3133,0.2874
2.8127,2.7784,1.0091,0.8259,1.1381,0.9273,1.5051,1.5181,0.2716,0.2599,0.3144,0.2886
2.8157,2.7882,1.0099,0.8279,1.1404,0.9268,1.5049,1.5211,0.2716,0.2612,0.3131,0.2878
2.8253,2.7891,1.0093,0.8264,1.1413,0.9265,1.5157,1.5286,0.2721,0.2609,0.3137,0.2879
2.8125,2.7848,1.0062,0.8245,1.1423,0.9269,1.5084,1.5225,0.2696,0.2589,0.3137,0.2877
2.8264,2.7908,1.0082,0.826,1.1405,0.9277,1.5075,1.5171,0.2715,0.2612,0.3134,0.2876
2.8119,2.7899,1.0071,0.8256,1.1399,0.9259,1.5129,1.5185,0.2714,0.2606,0.3121,0.2867
2.8172,2.782,1.0072,0.8256,1.1396,0.9265,1.5065,1.518,0.2716,0.2609,0.3136,0.2877
2.8195,2.7835,1.0071,0.8249,1.1395,0.9262,1.5024,1.5176,0.27,0.2584,0.3142,0.2881
2.8242,2.7842,1.0099,0.8264,1.1407,0.9253,1.5166,1.5317,0.2712,0.2606,0.3134,0.2879
2.8168,2.7842,1.0058,0.8258,1.1396,0.9277,1.5039,1.5199,0.271,0.259,0.3141,0.2886
2.8061,2.7732,1.0061,0.8252,1.1398,0.927,1.5051,1.5207,0.2685,0.2584,0.3123,0.2868
2.8202,2.7954,1.0065,0.8244,1.1375,0.926,1.509,1.5202,0.2703,0.2596,0.3131,0.2878
2.8071,2.7895,1.0045,0.8248,1.1388,0.9255,1.5016,1.5085,0.2698,0.2594,0.3132,0.2876
2.8162,2.7842,1.0037,0.8225,1.1367,0.9239,1.5086,1.5194,0.268,0.2585,0.3124,0.2872
2.8197,2.7949,1.0052,0.8242,1.1382,0.9267,1.5103,1.5163,0.2709,0.2591,0.3128,0.287
2.8086,2.7776,1.0051,0.8251,1.1371,0.9229,1.4939,1.5095,0.2693,0.2581,0.3119,0.2865
2.821,2.788,1.0033,0.8246,1.1369,0.9262,1.5015,1.5171,0.2694,0.2597,0.3138,0.2882
2.814,2.7948,1.00675,0.827,1.1382,0.9249,1.4969,1.5128,0.2701,0.2594,0.3114,0.2861
2.8091,2.7772,1.00655,0.8256,1.1372,0.9257,1.5032,1.5123,0.269,0.2606,0.3118,0.2868
2.8025,2.7782,1.0055,0.8238,1.1371,0.9233,1.4901,1.5067,0.2692,0.2596,0.3122,0.2868
2.8206,2.7925,1.004,0.8237,1.1364,0.9226,1.5142,1.5255,0.2698,0.2588,0.3102,0.285
2.8188,2.7885,1.0067,0.8238,1.1326,0.9232,1.5025,1.5113,0.2696,0.2591,0.3111,0.2861
2.8085,2.7784,1.0043,0.8247,1.1302,0.9256,1.4946,1.5118,0.2698,0.2597,0.3116,0.2864
2.8108,2.7732,1.0069,0.8251,1.1279,0.9242,1.5031,1.5103,0.2702,0.2585,0.3124,0.2871
2.8181,2.7969,1.0026,0.8225,1.1295,0.9241,1.4987,1.5089,0.2685,0.2582,0.311,0.2853
2.818,2.7708,1.0053,0.8254,1.1268,0.9233,1.4915,1.5042,0.2701,0.2598,0.3128,0.2874
2.8112,2.7889,1.0048,0.8244,1.1283,0.921,1.4972,1.505,0.2697,0.2588,0.3119,0.2862
2.8166,2.784,1.0033,0.822,1.128,0.9239,1.5029,1.515,0.268,0.257,0.3106,0.2852
2.7995,2.7704,1.0054,0.8251,1.1279,0.9227,1.4931,1.506,0.2696,0.259,0.3109,0.2861
2.8164,2.792,1.0051,0.8243,1.1264,0.925,1.4968,1.5153,0.2691,0.2581,0.3106,0.2848
2.8106,2.7801,1.0023,0.8224,1.1245,0.9215,1.5051,1.5146,0.2675,0.258,0.3097,0.2848
2.7977,2.782,1.0034,0.8238,1.1272,0.9223,1.4816,1.4995,0.2677,0.2586,0.3109,0.2857
2.809,2.7796,1.0028,0.8247,1.1242,0.9224,1.4976,1.5101,0.2696,0.2586,0.3104,0.285
2.8131,2.7766,1.0008,0.8219,1.1269,0.9219,1.5005,1.5019,0.2676,0.2563,0.3114,0.2858
2.8171,2.7879,1.0034,0.8236,1.1266,0.9231,1.4944,1.5047,0.2696,0.258,0.3112,0.2858
2.8135,2.7805,1.0025,0.825,1.1271,0.9228,1.4915,1.5105,0.2688,0.2588,0.3117,0.2862
2.808,2.7812,1.0005,0.8224,1.1244,0.9206,1.4955,1.5021,0.2678,0.2591,0.3123,0.2871
2.8091,2.775,1.0034,0.8242,1.1249,0.9203,1.4907,1.5029,0.268,0.2586,0.3099,0.2849
2.8057,2.7775,1.0056,0.8244,1.1263,0.9211,1.4912,1.5094,0.269,0.2581,0.3106,0.2848
2.8031,2.7712,1.0015,0.822,1.1246,0.9215,1.4843,1.4964,0.2672,0.257,0.3103,0.2854
2.8055,2.7748,1.0008,0.8221,1.124,0.9217,1.4904,1.5067,0.268,0.2578,0.3109,0.2858
2.8097,2.7804,1.0016,0.8234,1.1229,0.9215,1.4924,1.498,0.2678,0.2578,0.3112,0.2861
2.8025,2.7767,1.0,0.8219,1.1257,0.921,1.4875,1.5015,0.2661,0.2564,0.3103,0.2848
2.8205,2.7802,1.0025,0.8225,1.1221,0.9236,1.4907,1.4968,0.2675,0.2569,0.3099,0.2844
2.8043,2.7732,0.9999,0.8219,1.122,0.9206,1.4908,1.5027,0.2672,0.2575,0.3113,0.286
2.8089,2.781,0.9999,0.8218,1.1229,0.9216,1.4876,1.4975,0.2682,0.2564,0.3098,0.285
2.8032,2.775,1.0004,0.8219,1.1252,0.923,1.4858,1.4927,0.2675,0.2576,0.3117,0.2865
2.803,2.7785,1.003,0.8237,1.1218,0.9204,1.4864,1.4944,0.2678,0.2579,0.3091,0.2841
2.8063,2.7694,1.0007,0.8216,1.1217,0.9215,1.4884,1.499,0.2666,0.2574,0.3095,0.2841
2.8036,2.7793,1.001,0.8232,1.1237,0.9218,1.4831,1.4995,0.2682,0.2583,0.3109,0.2857
2.801,2.776,0.9988,0.821,1.1209,0.9208,1.4842,1.4947,0.2666,0.2566,0.3099,0.2845
2.8144,2.7767,1.0012,0.8236,1.1217,0.9198,1.4878,1.505,0.2673,0.2574,0.3109,0.2856
2.8023,2.7722,0.9985,0.8194,1.1217,0.9206,1.4878,1.4974,0.2649,0.2551,0.3091,0.2843
2.8104,2.771,0.9993,0.8221,1.1221,0.9203,1.4866,1.4931,0.2679,0.2578,0.3079,0.283
2.8052,2.7832,1.0007,0.8238,1.118,0.921,1.4832,1.4942,0.2668,0.2576,0.3101,0.2845
2.8024,2.7722,0.9979,0.8212,1.1221,0.9195,1.4765,1.4867,0.2668,0.2564,0.3079,0.2829
2.8086,2.7814,1.0,0.8221,1.1201,0.9192,1.4792,1.4936,0.2673,0.2575,0.3088,0.284
2.7914,2.761,0.9983,0.8208,1.119,0.9217,1.4755,1.4936,0.2671,0.2566,0.3092,0.2845
2.8118,2.782,0.9971,0.8177,1.1246,0.9195,1.4837,1.4943,0.2659,0.2551,0.3108,0.2858
2.8114,2.7848,0.9977,0.82,1.1214,0.9197,1.4775,1.4987,0.2665,0.2557,0.3079,0.2832
2.8066,2.7688,0.998,0.8197,1.1243,0.9181,1.4813,1.4944,0.2667,0.2562,0.309,0.2839
2.7954,2.7799,0.9989,0.8194,1.1234,0.9226,1.4766,1.4847,0.2658,0.2564,0.3082,0.2832
2.8007,2.7743,0.9974,0.8206,1.1202,0.9195,1.4811,1.4931,0.2658,0.2554,0.3089,0.2842
2.8143,2.7799,0.9975,0.8203,1.1179,0.9181,1.4858,1.4991,0.2662,0.255,0.3098,0.2842
2.7889,2.7688,0.9983,0.8204,1.1224,0.9194,1.4751,1.4863,0.2666,0.2561,0.3084,0.2832
2.7963,2.7697,0.9982,0.8215,1.1246,0.9165,1.472,1.4947,0.2664,0.2563,0.3088,0.2834
2.8012,2.7678,0.996,0.8206,1.1215,0.9186,1.4791,1.4907,0.2655,0.2557,0.3065,0.2816
2.8005,2.7611,0.9979,0.8216,1.1225,0.9198,1.4789,1.4889,0.2656,0.2562,0.3085,0.2833
2.7954,2.7741,0.9953,0.8192,1.1196,0.9177,1.4687,1.4795,0.265,0.2548,0.3094,0.2836
2.8073,2.7642,0.9987,0.8216,1.1236,0.9177,1.4809,1.4976,0.2664,0.256,0.3073,0.2826
2.8007,2.7753,0.998,0.8218,1.1211,0.9205,1.4746,1.4918,0.2668,0.2565,0.3076,0.283
2.8015,2.7773,0.9966,0.8188,1.1229,0.9172,1.4836,1.4945,0.2655,0.2552,0.3078,0.2831
2.8001,2.7704,0.9963,0.8204,1.1187,0.9171,1.4771,1.4865,0.2659,0.2562,0.309,0.284
2.7998,2.7719,0.9951,0.8206,1.1202,0.922,1.4762,1.4856,0.2653,0.2553,0.3076,0.2829
2.7944,2.7675,0.9959,0.8197,1.1213,0.917,1.4717,1.4895,0.2644,0.2553,0.3081,0.283
2.8097,2.7724,0.998,0.8197,1.1203,0.9206,1.4701,1.4843,0.265,0.2549,0.3082,0.283
2.7938,2.7695,0.9967,0.821,1.1179,0.9167,1.4751,1.4878,0.2658,0.2551,0.3059,0.2809
2.7919,2.7649,0.9958,0.8187,1.1197,0.9183,1.4685,1.4831,0.2656,0.2547,0.3062,0.28195
2.7904,2.7659,0.9967,0.8205,1.1182,0.9188,1.4709,1.4814,0.2667,0.2558,0.3073,0.28215
2.8163,2.7795,0.9951,0.8197,1.118,0.9198,1.4772,1.4884,0.2642,0.255,0.3075,0.2824
2.786,2.7727,0.9945,0.8198,1.1181,0.918,1.4644,1.4779,0.2651,0.2556,0.3067,0.2825
2.8054,2.7729,0.9946,0.819,1.119,0.9194,1.4703,1.4911,0.2636,0.2542,0.3057,0.2818
2.7931,2.7684,0.9919,0.819,1.1191,0.9202,1.4685,1.4825,0.2636,0.2545,0.3085,0.2809
2.8001,2.7656,0.9952,0.8197,1.1174,0.9191,1.4705,1.4839,0.2655,0.2555,0.3087,0.283
2.7973,2.7675,0.9947,0.8215,1.1177,0.917,1.4738,1.4846,0.2658,0.2553,0.3054,0.2812
2.7972,2.766,0.9942,0.819,1.1187,0.9185,1.4758,1.4794,0.2649,0.2548,0.3078,0.2819
2.7987,2.7688,0.9927,0.8178,1.1194,0.9203,1.4682,1.4835,0.2628,0.254,0.3075,0.282
2.7941,2.7649,0.9954,0.8183,1.1178,0.9146,1.4705,1.4786,0.2659,0.2545,0.3063,0.2814
2.7878,2.767,0.9939,0.8193,1.1188,0.9172,1.4617,1.476,0.2638,0.2543,0.3082,0.2822
2.809,2.7681,0.9937,0.8169,1.1174,0.9179,1.4746,1.4935,0.2634,0.2533,0.3061,0.2819
2.7987,2.7851,0.9953,0.8195,1.1159,0.9165,1.4597,1.4787,0.265,0.2552,0.3064,0.2814
2.7961,2.7744,0.9953,0.8199,1.1172,0.9157,1.469,1.4826,0.2649,0.256,0.3052,0.2819
2.7952,2.7645,0.9947,0.8189,1.1166,0.9163,1.4664,1.4816,0.2647,0.2547,0.3063,0.281
2.7982,2.7769,0.9949,0.8203,1.1129,0.9158,1.4663,1.4817,0.2653,0.2545,0.3051,0.2816
2.7849,2.7655,0.9937,0.8193,1.1166,0.9158,1.4531,1.4741,0.2631,0.2531,0.3074,0.2808
2.7994,2.7685,0.9936,0.8176,1.1161,0.9168,1.4721,1.4854,0.2621,0.2533,0.3059,0.2804
2.806,2.761,0.9944,0.8191,1.1155,0.9163,1.4588,1.4759,0.2636,0.2529,0.3061,0.2798
2.7928,2.7605,0.9935,0.8172,1.1158,0.9168,1.4583,1.4752,0.2634,0.2539,0.3086,0.2822
2.7892,2.7691,0.9929,0.817,1.1148,0.9147,1.4632,1.4794,0.2628,0.2535,0.3074,0.2802
2.7941,2.764,0.9907,0.8165,1.1143,0.9173,1.4584,1.4739,0.2622,0.2528,0.306,0.2812
2.802,2.7663,0.9916,0.8172,1.1152,0.9186,1.4619,1.4784,0.2642,0.2527,0.3059,0.282
2.8006,2.7759,0.993,0.8188,1.1169,0.9198,1.4635,1.4751,0.2643,0.254,0.3081,0.2812
2.7942,2.7549,0.9914,0.8169,1.1143,0.9165,1.4688,1.4803,0.2621,0.254,0.3064,0.2802
2.793,2.7757,0.9921,0.8179,1.1155,0.9181,1.4591,1.472,0.2642,0.2544,0.3059,0.2797
2.7865,2.7585,0.9937,0.8183,1.1138,0.9158,1.4534,1.4691,0.2629,0.2528,0.3057,0.2799
2.7999,2.76,0.9908,0.8174,1.1129,0.9176,1.4572,1.4716,0.2625,0.2526,0.3049,0.2816
2.7947,2.7656,0.9905,0.8162,1.1144,0.915,1.464,1.4694,0.2617,0.2525,0.3054,0.2808
2.7914,2.7615,0.9935,0.8183,1.114,0.9134,1.4604,1.471,0.26425,0.2543,0.3046,0.2802
2.7929,2.7645,0.9923,0.8167,1.1152,0.9131,1.4649,1.4831,0.26185,0.253,0.3066,0.2801
2.7872,2.7637,0.9905,0.817,1.1136,0.9165,1.4645,1.4772,0.26185,0.2528,0.3039,0.2791
2.8036,2.7725,0.9915,0.8159,1.1136,0.9137,1.4691,1.4747,0.2624499999999999,0.2531,0.3053,0.2792
2.7963,2.763,0.9915,0.8154,1.1131,0.9145,1.4566,1.4753,0.2619,0.2522,0.3041,0.2796
2.8051,2.7722,0.9909,0.8162,1.1127,0.9148,1.4691,1.4833,0.2616,0.2529,0.3038,0.28
2.792,2.7585,0.993,0.8181,1.1141,0.9134,1.4531,1.4631,0.2628,0.2526,0.3063,0.2802
2.7926,2.7564,0.9895,0.815,1.1117,0.9146,1.4539,1.4687,0.2619,0.2519,0.3049,0.2798
2.7816,2.7433,0.9923,0.8195,1.1132,0.915,1.4479,1.4637,0.2626,0.254,0.3062,0.2815
2.7863,2.7828,0.9906,0.8171,1.1124,0.9164,1.4596,1.4695,0.262,0.2525,0.3062,0.2805
2.8027,2.761,0.9911,0.8175,1.1129,0.9138,1.4632,1.4754,0.2622,0.25295,0.3052,0.2794
2.7959,2.7641,0.9899,0.816,1.1117,0.9138,1.4585,1.4675,0.2627,0.2524,0.3048,0.2796
2.7821,2.7544,0.9888,0.8151,1.1146,0.914,1.4568,1.4705,0.2614,0.2519,0.3053,0.2783
2.7885,2.7594,0.9897,0.8163,1.1117,0.9134,1.4601,1.4723,0.2609,0.2518,0.3059,0.2794
2.7916,2.7618,0.9905,0.8167,1.113,0.9149,1.4474,1.4619,0.2624,0.2528,0.306,0.2795
2.7896,2.7682,0.9904,0.8158,1.11,0.9141,1.4602,1.4785,0.2625,0.2528,0.3061,0.2785
2.7978,2.7685,0.9907,0.8178,1.1116,0.9155,1.455,1.4677,0.2618,0.2523,0.3044,0.2806
2.7903,2.7576,0.9883,0.8147,1.1124,0.9131,1.4565,1.4689,0.2617,0.2523,0.305,0.2795
2.786,2.7601,0.9898,0.8162,1.1133,0.9143,1.4453,1.4615,0.2611,0.2518,0.3057,0.281
2.8024,2.7665,0.9888,0.8156,1.1141,0.915,1.4629,1.4736,0.2623,0.2527,0.307,0.2787
2.796,2.7681,0.9897,0.8148,1.1141,0.9113,1.4575,1.472,0.2611,0.2517,0.3036,0.2789
2.7939,2.7624,0.9886,0.8168,1.1107,0.9146,1.4503,1.4666,0.2612,0.2512,0.3044,0.2793
2.7839,2.7631,0.99,0.8172,1.1107,0.9129,1.4565,1.4718,0.2619,0.2528,0.3053,0.28
2.7848,2.7546,0.9891,0.8162,1.1135,0.9142,1.4551,1.4586,0.2615,0.252,0.3039,0.2805
2.7842,2.7622,0.9891,0.816,1.1109,0.9143,1.4463,1.4566,0.2598,0.2511,0.3029,0.2794
2.7836,2.7452,0.9883,0.8157,1.11,0.9139,1.4567,1.4686,0.2613,0.252,0.3047,0.2797
2.7911,2.7623,0.9887,0.8162,1.1122,0.9132,1.4594,1.4672,0.2617,0.2527,0.3039,0.278
2.7866,2.7634,0.9899,0.8156,1.1107,0.9141,1.4518,1.4558,0.2603,0.2512,0.3044,0.2799
2.7835,2.7615,0.9888,0.8173,1.1103,0.9125,1.4555,1.4533,0.2624,0.2522,0.3027,0.2788
2.793,2.7489,0.9908,0.818,1.1115,0.9141,1.4534,1.468,0.2619,0.2527,0.3043,0.2807
2.7806,2.7682,0.9873,0.8152,1.1079,0.9125,1.4419,1.456,0.26,0.2505,0.305,0.2781
2.7936,2.749,0.9859,0.8151,1.1117,0.9135,1.4573,1.4663,0.2598,0.2502,0.3044,0.2785
2.7959,2.768,0.9875,0.8146,1.1133,0.9135,1.4508,1.469,0.2601,0.2507,0.3038,0.2804
2.7895,2.7577,0.9885,0.8152,1.1101,0.9171,1.4498,1.4647,0.2609,0.2518,0.3048,0.2792
2.7858,2.7648,0.9871,0.8163,1.1107,0.9138,1.4475,1.4582,0.2614,0.2522,0.306,0.2801
2.7878,2.7523,0.9886,0.8154,1.1134,0.9156,1.4461,1.4587,0.2597,0.2503,0.3041,0.2786
2.7956,2.7661,0.9869,0.8156,1.1106,0.9138,1.45,1.467,0.2605,0.2509,0.3041,0.2773
2.7893,2.7608,0.9866,0.8147,1.1102,0.912,1.4486,1.462,0.2598,0.2504,0.3037,0.28
2.7946,2.7624,0.9907,0.818,1.1117,0.9148,1.4531,1.4593,0.2608,0.2513,0.3048,0.2773
2.7841,2.751,0.9873,0.8147,1.1108,0.9141,1.455,1.4633,0.26,0.2507,0.3041,0.278
2.7944,2.7689,0.9882,0.8154,1.1119,0.9134,1.4506,1.4632,0.2601,0.2507,0.3037,0.2793
2.7801,2.7501,0.9892,0.8162,1.1112,0.913,1.447,1.461,0.2603,0.2514,0.3025,0.28
2.7913,2.7653,0.9885,0.8162,1.1123,0.9127,1.4475,1.4602,0.2601,0.2509,0.3051,0.278
2.7867,2.7606,0.9862,0.8132,1.1114,0.9129,1.4443,1.463,0.2596,0.2504,0.3039,0.2776
2.788,2.7624,0.9901,0.8189,1.1102,0.913,1.4415,1.4582,0.2614,0.2527,0.3042,0.2788
2.7769,2.7446,0.9871,0.8143,1.1092,0.9125,1.4453,1.4523,0.2601,0.2505,0.303,0.2793
2.7895,2.7519,0.9863,0.8161,1.1117,0.9117,1.4473,1.4503,0.2599,0.2505,0.3017,0.2796
2.7778,2.7637,0.9842,0.8125,1.1102,0.913,1.4525,1.4602,0.2591,0.2498,0.3018,0.2773
2.7861,2.755,0.9857,0.8157,1.1129,0.912,1.4443,1.4597,0.2592,0.2497,0.302,0.2785
2.7966,2.7543,0.9878,0.8168,1.1098,0.9126,1.445,1.4605,0.2611,0.2516,0.3042,0.2762
2.781,2.7571,0.9878,0.8158,1.1109,0.9118,1.4473,1.4546,0.2609,0.2516,0.3014,0.2776
2.7822,2.7551,0.9874,0.8149,1.1082,0.9131,1.4429,1.453,0.2587,0.2494,0.3027,0.2792
2.7905,2.7662,0.9889,0.8169,1.107,0.9121,1.4451,1.4523,0.2616,0.2525,0.3027,0.279
2.7708,2.7652,0.9844,0.8128,1.1094,0.9126,1.4478,1.4555,0.259,0.2502,0.3008,0.2764
2.7824,2.7459,0.9889,0.8163,1.1128,0.9131,1.4447,1.4491,0.2613,0.2521,0.3041,0.2765
2.7773,2.7497,0.9879,0.8157,1.1105,0.9149,1.4389,1.4506,0.2593,0.2501,0.3028,0.2789
2.7919,2.7579,0.9866,0.8148,1.1096,0.9117,1.4402,1.4553,0.2587,0.2497,0.3037,0.2774
2.7879,2.7585,0.9874,0.8151,1.1091,0.9153,1.4497,1.457,0.2604,0.2509,0.303,0.2774
2.7845,2.7483,0.9875,0.8151,1.1106,0.9122,1.4358,1.4476,0.259,0.2498,0.3028,0.2774
2.7788,2.7552,0.9884,0.8154,1.1097,0.9109,1.4442,1.4645,0.2613,0.2523,0.3018,0.2766
2.7941,2.7563,0.9874,0.8166,1.1073,0.9119,1.4418,1.4539,0.2591,0.25,0.3007,0.2769
2.7858,2.7565,0.9879,0.8152,1.1062,0.9101,1.4425,1.4544,0.2594,0.2504,0.3028,0.27785
2.7866,2.7539,0.9867,0.8139,1.1068,0.9115,1.4419,1.4489,0.2599,0.2506,0.3025,0.2771
2.7747,2.7501,0.9861,0.8137,1.1065,0.9131,1.4327,1.446,0.2589,0.2497,0.3018,0.2782
2.7805,2.7497,0.9872,0.8139,1.1061,0.9126,1.4394,1.4567,0.2599,0.2509,0.3027,0.2764
2.7832,2.7613,0.9839,0.8131,1.1084,0.9128,1.4319,1.4495,0.2571,0.2479,0.3027499999999999,0.2773
2.7819,2.7532,0.9845,0.8134,1.1073,0.9095,1.4378,1.4497,0.2585,0.2491,0.30205,0.2766
2.7928,2.7641,0.9844,0.8129,1.1058,0.9121,1.442,1.4544,0.2584,0.2494,0.3031,0.2775
2.7933,2.7605,0.985,0.8133,1.1072,0.9112,1.4443,1.4548,0.2592,0.25,0.3034,0.2779
2.7807,2.7506,0.9868,0.8151,1.1062,0.9131,1.4372,1.451,0.2603,0.2511,0.3009,0.2779
2.7854,2.7533,0.9847,0.8117,1.1061,0.9117,1.4397,1.4467,0.2582,0.2491,0.3011,0.2776
2.7785,2.7494,0.9848,0.813,1.1068,0.9108,1.438,1.4543,0.2593,0.2499,0.3021,0.2772
2.7817,2.7629,0.9849,0.8144,1.1089,0.9098,1.4382,1.4459,0.2588,0.2496,0.3019,0.2768
2.7768,2.7526,0.9878,0.8142,1.1075,0.9148,1.4365,1.4449,0.2594,0.2499,0.3015,0.2769
2.7898,2.7568,0.9854,0.8153,1.1062,0.911,1.439,1.4555,0.2585,0.2498,0.3031,0.277
2.7831,2.7562,0.9835,0.8127,1.1039,0.9102,1.4353,1.4476,0.2576,0.2484,0.3028,0.2761
2.7797,2.7517,0.9824,0.8136,1.1064,0.9099,1.4424,1.451,0.2584,0.2491,0.3022,0.2771
2.7896,2.7568,0.9847,0.8119,1.1053,0.9107,1.4393,1.4479,0.2578,0.2488,0.3012,0.2772
2.7824,2.7523,0.9851,0.8135,1.1053,0.909,1.4379,1.4552,0.2574,0.2477,0.3006,0.2759
2.7792,2.7667,0.9856,0.814,1.1077,0.9085,1.434,1.4489,0.2589,0.2501,0.3017,0.2762
2.784,2.7535,0.9846,0.8132,1.1061,0.9082,1.4363,1.4559,0.259,0.2497,0.3016,0.277
2.7865,2.7566,0.9869,0.8135,1.1005,0.9097,1.4317,1.449,0.2588,0.2492,0.3013,0.2764
2.7858,2.7427,0.987,0.8134,1.1051,0.9103,1.443,1.4437,0.259,0.2499,0.302,0.2764
2.7827,2.7663,0.9864,0.8163,1.1059,0.9102,1.4351,1.4479,0.2589,0.2496,0.3008,0.2775
2.7785,2.7509,0.985,0.8139,1.1072,0.9082,1.4375,1.4554,0.2592,0.2501,0.3008,0.2769
2.7831,2.7572,0.9833,0.8132,1.1047,0.9108,1.4355,1.4486,0.2579,0.2485,0.3017,0.2767
2.7902,2.7461,0.9832,0.8117,1.1041,0.9109,1.4296,1.4449,0.2588,0.2496,0.3018,0.2757
2.7857,2.7541,0.9851,0.8129,1.1057,0.911,1.4411,1.4495,0.2583,0.2491,0.3011,0.2765
2.7813,2.7485,0.9852,0.8134,1.1034,0.9079,1.4348,1.4468,0.2581,0.2489,0.3008,0.2754
2.7747,2.743,0.9849,0.814,1.1031,0.91,1.4262,1.4472,0.2585,0.2494,0.3026,0.2773
2.7847,2.7565,0.9828,0.8117,1.1059,0.9087,1.4353,1.4533,0.2573,0.2479,0.3015,0.276
2.7813,2.7509,0.9856,0.8142,1.1056,0.9101,1.4233,1.4443,0.2584,0.2495,0.3015,0.2765
2.7854,2.7577,0.9845,0.8126,1.1045,0.9088,1.4388,1.4552,0.258,0.2488,0.3006,0.2763
2.7764,2.7551,0.9854,0.8144,1.1082,0.909,1.4273,1.443,0.2589,0.2502,0.3018,0.2752
2.7675,2.7495,0.9871,0.8156,1.1065,0.9104,1.4308,1.4429,0.2591,0.2503,0.3013,0.2768
2.7794,2.7424,0.983,0.8109,1.1051,0.9089,1.4336,1.4461,0.2569,0.2481,0.2995,0.2759
2.7819,2.751,0.9838,0.8136,1.1073,0.9043,1.428,1.4429,0.2582,0.2493,0.3007,0.2758
2.7703,2.7518,0.9852,0.8132,1.1052,0.9079,1.4247,1.4361,0.2581,0.2484,0.2989,0.2756
2.7768,2.7494,0.9854,0.8135,1.1076,0.9099,1.4353,1.4476,0.2571,0.2478,0.2996,0.2761
2.7818,2.7539,0.9833,0.8105,1.1056,0.9095,1.429,1.4386,0.2575,0.2481,0.2999,0.2768
2.7843,2.7553,0.9849,0.8121,1.1042,0.9103,1.4283,1.4486,0.2577,0.2486,0.3014,0.2749
2.7776,2.749,0.9847,0.8119,1.1049,0.9083,1.4297,1.4437,0.2574,0.2483,0.2996,0.2755
2.785,2.7518,0.9819,0.8103,1.1038,0.9091,1.4387,1.4422,0.2567,0.2481,0.2995,0.2743
2.7783,2.7566,0.9822,0.8129,1.1044,0.9083,1.4338,1.4453,0.2571,0.2478,0.2998,0.275
2.7775,2.747,0.9829,0.8114,1.1061,0.9072,1.4284,1.4398,0.2578,0.2486,0.3002,0.2759
2.7857,2.7597,0.9865,0.8165,1.1052,0.9089,1.4329,1.44275,0.2594,0.2502,0.3002,0.2744
2.7665,2.74,0.9841,0.8128,1.105,0.9082,1.4237,1.43865,0.2584,0.2491,0.3002,0.2777
2.7799,2.7533,0.982,0.8124,1.1039,0.9065,1.4336,1.4403,0.2564,0.2472,0.2994,0.2755
2.7842,2.7533,0.9833,0.8126,1.1036,0.9112,1.4246,1.4439,0.2575,0.2488,0.2992,0.2762
2.775,2.7469,0.9807,0.8097,1.104,0.9086,1.4308,1.4535,0.2563,0.2471,0.3004,0.2748
2.7793,2.7596,0.9855,0.815,1.1049,0.9076,1.4314,1.4462,0.258,0.2488,0.2991,0.2763
2.7769,2.748,0.9824,0.8125,1.1053,0.9096,1.4261,1.4411,0.257,0.2479,0.3022,0.276
2.7933,2.7573,0.983,0.8124,1.105,0.9085,1.4318,1.448,0.257,0.2482,0.3004,0.2748
2.7748,2.7428,0.9844,0.8142,1.1063,0.9119,1.4362,1.4427,0.2585,0.2496,0.301,0.2765
2.779,2.7528,0.9837,0.8125,1.1063,0.9101,1.4282,1.4455,0.2566,0.2476,0.2994,0.2761
2.7876,2.7587,0.9834,0.813,1.1045,0.9082,1.4312,1.4453,0.2576,0.2484,0.2989,0.2759
2.7835,2.7612,0.9826,0.8127,1.1046,0.9098,1.4322,1.4341,0.2573,0.2485,0.3008,0.2754
2.7773,2.75,0.9837,0.8132,1.1058,0.9105,1.4269,1.44,0.257,0.2477,0.3006,0.2761
2.7723,2.7399,0.9831,0.8132,1.1066,0.9074,1.4176,1.4309,0.2577,0.249,0.3011,0.2751
2.7819,2.7572,0.9842,0.8147,1.108,0.906,1.4371,1.4561,0.2584,0.2495,0.2997,0.2759
2.7769,2.7543,0.9822,0.8117,1.104,0.9096,1.4292,1.4398,0.256,0.2469,0.2986,0.2755
2.7822,2.7576,0.9841,0.8118,1.1046,0.9085,1.4197,1.4396,0.257,0.248,0.2997,0.2743
2.781,2.742,0.9854,0.8147,1.1057,0.9077,1.432,1.4448,0.2579,0.2489,0.3013,0.2771
2.7829,2.7578,0.9844,0.8134,1.1046,0.9087,1.4298,1.4464,0.2563,0.2475,0.3005,0.2747
2.7855,2.7533,0.9818,0.8117,1.1053,0.9091,1.4294,1.4411,0.2569,0.2476,0.3012,0.2769
2.7691,2.7507,0.9836,0.8135,1.1068,0.9087,1.4262,1.4355,0.2562,0.2474,0.2993,0.2747
2.7797,2.7577,0.9834,0.8129,1.1055,0.9106,1.4292,1.4454,0.2579,0.2491,0.3006,0.2739
2.7811,2.7433,0.984,0.8143,1.1058,0.9083,1.4314,1.4381,0.2582,0.2492,0.3012,0.2771
2.7763,2.7539,0.984,0.8128,1.1063,0.9085,1.4158,1.4436,0.2578,0.2486,0.3,0.2751
2.779,2.7487,0.9841,0.8138,1.1046,0.9067,1.4237,1.4443,0.2576,0.2487,0.3,0.2762
2.7757,2.7422,0.9872,0.8149,1.1043,0.9103,1.4262,1.4322,0.2574,0.2481,0.2989,0.2774
2.7948,2.7547,0.9832,0.811,1.106,0.9079,1.4274,1.4388,0.2569,0.2478,0.299,0.2766
2.7857,2.7406,0.984,0.8157,1.1036,0.9053,1.4296,1.44,0.2574,0.2484,0.3007,0.2744
2.774,2.7423,0.9849,0.8137,1.1072,0.9096,1.4199,1.4363,0.2575,0.2484,0.2985,0.2747
2.7728,2.7531,0.9843,0.813,1.1068,0.9094,1.4276,1.4355,0.2579,0.2488,0.2997,0.2762
2.7792,2.7482,0.9826,0.8109,1.1067,0.9062,1.4257,1.4419,0.2572,0.2481,0.3012,0.2749
2.7751,2.7572,0.9844,0.8125,1.1045,0.9085,1.4222,1.4343,0.257,0.2482,0.3008,0.2759
2.777,2.7405,0.9834,0.8128,1.1034,0.9082,1.4272,1.4398,0.258,0.249,0.3001,0.2755
2.7835,2.7593,0.9846,0.8129,1.1045,0.9093,1.4196,1.4385,0.2563,0.2474,0.2995,0.2757
2.7827,2.7491,0.9817,0.812,1.1025,0.907,1.4262,1.4334,0.256,0.2469,0.3003,0.274
2.7791,2.7551,0.9848,0.8122,1.1063,0.9069,1.4336,1.434,0.2567,0.2475,0.2988,0.2749
2.7762,2.7445,0.9816,0.8129,1.1065,0.9071,1.426,1.4435,0.2566,0.2475,0.301,0.2752
2.7799,2.7611,0.984,0.8132,1.1062,0.9082,1.4286,1.4381,0.2575,0.2485,0.2989,0.2758
2.78,2.7393,0.9845,0.8157,1.1064,0.9083,1.4287,1.4384,0.2574,0.2485,0.2997,0.2742
2.7822,2.758,0.9845,0.8119,1.1063,0.9067,1.4195,1.4303,0.2561,0.247,0.2973,0.2738
